id,sequence_number,cue_number,name,fade,delay,trigger,command,part,is_main_cue_list,fixture_ids,fixture_details,references,value_count,source_file
cue:1:0:patch666_main_sequences.xml:1,1,0,Cue 0,,,,,,True,1 2 3 4 5 6 7 8 222 21 22 23 24 31 32 25 26 27 28 41 42 43 51 52 53 9 10 11 12 13 14 15 16 17 18 29 30 33 34 35 36 37 38 54 87 1002 1001 86 85 84 83 82 81 76 74 73 72 71 68 67 66 65 64 63 62 61 44 40 39,1 | RSpiide3 1 || 2 | RSpiide3 2 || 3 | RSpiide3 3 || 4 | RSpiide3 4 || 5 | RSpiide3 5 || 6 | RSpiide3 6 || 7 | RSpiide3 7 || 8 | RSpiide3 8 || 222 | R3LEDWm2 1 || 21 | Sp30012 1 || 22 | Sp30012 2 || 23 | Sp30012 3 || 24 | Sp30012 4 || 31 | NP300cR 1 || 32 | NP300cR 2 || 25 | Sp30012 5 || 26 | Sp30012 6 || 27 | Sp30012 7 || 28 | Sp30012 8 || 41 | RPointe1 1 || 42 | RPointe1 2 || 43 | RPointe1 3 || 51 | LUMI 1 || 52 | LUMI 2 || 53 | LUMI 3 || 9 || 10 || 11 || 12 || 13 || 14 || 15 || 16 || 17 || 18 || 29 || 30 || 33 || 34 || 35 || 36 || 37 || 38 || 54 || 87 || 1002 || 1001 || 86 || 85 || 84 || 83 || 82 || 81 || 76 || 74 || 73 || 72 || 71 || 68 || 67 || 66 || 65 || 64 || 63 || 62 || 61 || 44 || 40 || 39,,11,exports\patch666_main_sequences.xml
cue:1:1:patch666_main_sequences.xml:2,1,1,Cue 1,,,,,,True,7 8,7 | RSpiide3 7 || 8 | RSpiide3 8,,14,exports\patch666_main_sequences.xml
cue:1:2:patch666_main_sequences.xml:3,1,2,Cue 2,,,,,,True,1 3 4 5 6 222 21 22 23 24 25 26 27 28 2 29 30 31 33 34 35 36 37 38 1002 1001 44 43 42 41 40 39,1 | RSpiide3 1 || 3 | RSpiide3 3 || 4 | RSpiide3 4 || 5 | RSpiide3 5 || 6 | RSpiide3 6 || 222 | R3LEDWm2 1 || 21 | Sp30012 1 || 22 | Sp30012 2 || 23 | Sp30012 3 || 24 | Sp30012 4 || 25 | Sp30012 5 || 26 | Sp30012 6 || 27 | Sp30012 7 || 28 | Sp30012 8 || 2 | RSpiide3 2 || 29 || 30 || 31 | NP300cR 1 || 33 || 34 || 35 || 36 || 37 || 38 || 1002 || 1001 || 44 || 43 | RPointe1 3 || 42 | RPointe1 2 || 41 | RPointe1 1 || 40 || 39,preset:1.8701264 | preset:13.675235 | preset:4.5034332,54,exports\patch666_main_sequences.xml
cue:1:3:patch666_main_sequences.xml:4,1,3,Cue 3,,,,,,True,3 222 2 6 28 29 30 31,3 | RSpiide3 3 || 222 | R3LEDWm2 1 || 2 | RSpiide3 2 || 6 | RSpiide3 6 || 28 | Sp30012 8 || 29 || 30 || 31 | NP300cR 1,,3,exports\patch666_main_sequences.xml
cue:1:4:patch666_main_sequences.xml:5,1,4,Cue 4,,,,,,True,3 2 6 28 29 30 31,3 | RSpiide3 3 || 2 | RSpiide3 2 || 6 | RSpiide3 6 || 28 | Sp30012 8 || 29 || 30 || 31 | NP300cR 1,,5,exports\patch666_main_sequences.xml
cue:1:5:patch666_main_sequences.xml:6,1,5,Cue 5,,,,,,True,3 4 5 6 222 21 22 23 24 25 26 27 28 2 29 30 31 33 34 35 36 37 38 1002 1001 44 43 42 41 40 39,3 | RSpiide3 3 || 4 | RSpiide3 4 || 5 | RSpiide3 5 || 6 | RSpiide3 6 || 222 | R3LEDWm2 1 || 21 | Sp30012 1 || 22 | Sp30012 2 || 23 | Sp30012 3 || 24 | Sp30012 4 || 25 | Sp30012 5 || 26 | Sp30012 6 || 27 | Sp30012 7 || 28 | Sp30012 8 || 2 | RSpiide3 2 || 29 || 30 || 31 | NP300cR 1 || 33 || 34 || 35 || 36 || 37 || 38 || 1002 || 1001 || 44 || 43 | RPointe1 3 || 42 | RPointe1 2 || 41 | RPointe1 1 || 40 || 39,,18,exports\patch666_main_sequences.xml
cue:1:6:patch666_main_sequences.xml:7,1,6,Cue 6,,,,,,True,2 4 5 222,2 | RSpiide3 2 || 4 | RSpiide3 4 || 5 | RSpiide3 5 || 222 | R3LEDWm2 1,preset:13.414124 | preset:3.1520615,24,exports\patch666_main_sequences.xml
cue:1:7:patch666_main_sequences.xml:8,1,7,Cue 7,,,,,,True,1 3 4 5 6 7 8 222 21 22 23 24 25 26 27 28 2 33 34 35 36 37 38 44 43 42 41 40 39,1 | RSpiide3 1 || 3 | RSpiide3 3 || 4 | RSpiide3 4 || 5 | RSpiide3 5 || 6 | RSpiide3 6 || 7 | RSpiide3 7 || 8 | RSpiide3 8 || 222 | R3LEDWm2 1 || 21 | Sp30012 1 || 22 | Sp30012 2 || 23 | Sp30012 3 || 24 | Sp30012 4 || 25 | Sp30012 5 || 26 | Sp30012 6 || 27 | Sp30012 7 || 28 | Sp30012 8 || 2 | RSpiide3 2 || 33 || 34 || 35 || 36 || 37 || 38 || 44 || 43 | RPointe1 3 || 42 | RPointe1 2 || 41 | RPointe1 1 || 40 || 39,preset:10.606071 | preset:13.414124 | preset:13.675219,33,exports\patch666_main_sequences.xml
cue:1:8:patch666_main_sequences.xml:9,1,8,Cue 8,,,,,,True,21 22 23 24 13 14 15 16 17 18 33 34 35 36 37 38 44 43 42 41 40 39,21 | Sp30012 1 || 22 | Sp30012 2 || 23 | Sp30012 3 || 24 | Sp30012 4 || 13 || 14 || 15 || 16 || 17 || 18 || 33 || 34 || 35 || 36 || 37 || 38 || 44 || 43 | RPointe1 3 || 42 | RPointe1 2 || 41 | RPointe1 1 || 40 || 39,preset:1.7094114,13,exports\patch666_main_sequences.xml
cue:1:9:patch666_main_sequences.xml:10,1,9,Cue 9,,,,,,True,7 8 9 10 11 12,7 | RSpiide3 7 || 8 | RSpiide3 8 || 9 || 10 || 11 || 12,,7,exports\patch666_main_sequences.xml
cue:1:10:patch666_main_sequences.xml:11,1,10,Cue 10,,,,,,True,2 7 8 222 1 3 4 5 6 9 10 11 12 13 14 15 16 17 18 51 52 53 54,2 | RSpiide3 2 || 7 | RSpiide3 7 || 8 | RSpiide3 8 || 222 | R3LEDWm2 1 || 1 | RSpiide3 1 || 3 | RSpiide3 3 || 4 | RSpiide3 4 || 5 | RSpiide3 5 || 6 | RSpiide3 6 || 9 || 10 || 11 || 12 || 13 || 14 || 15 || 16 || 17 || 18 || 51 | LUMI 1 || 52 | LUMI 2 || 53 | LUMI 3 || 54,,16,exports\patch666_main_sequences.xml
cue:1:11:patch666_main_sequences.xml:12,1,11,Cue 11,,,,,,True,1 2 3 4 5 6 7 8 222 21 22 23 24 31 32 25 26 27 28 9 10 11 12 13 14 15 16 17 18 29 30 33 34 35 36 37 38 51 52 53 54 65 44 43 42 41 40 39,1 | RSpiide3 1 || 2 | RSpiide3 2 || 3 | RSpiide3 3 || 4 | RSpiide3 4 || 5 | RSpiide3 5 || 6 | RSpiide3 6 || 7 | RSpiide3 7 || 8 | RSpiide3 8 || 222 | R3LEDWm2 1 || 21 | Sp30012 1 || 22 | Sp30012 2 || 23 | Sp30012 3 || 24 | Sp30012 4 || 31 | NP300cR 1 || 32 | NP300cR 2 || 25 | Sp30012 5 || 26 | Sp30012 6 || 27 | Sp30012 7 || 28 | Sp30012 8 || 9 || 10 || 11 || 12 || 13 || 14 || 15 || 16 || 17 || 18 || 29 || 30 || 33 || 34 || 35 || 36 || 37 || 38 || 51 | LUMI 1 || 52 | LUMI 2 || 53 | LUMI 3 || 54 || 65 || 44 || 43 | RPointe1 3 || 42 | RPointe1 2 || 41 | RPointe1 1 || 40 || 39,preset:10.804119 | preset:4.3520813,71,exports\patch666_main_sequences.xml
cue:1:12:patch666_main_sequences.xml:13,1,12,Cue 12,,,Follow,,,True,4 5 6 7 8 33 34 35 36 37 38 64 63 62,4 | RSpiide3 4 || 5 | RSpiide3 5 || 6 | RSpiide3 6 || 7 | RSpiide3 7 || 8 | RSpiide3 8 || 33 || 34 || 35 || 36 || 37 || 38 || 64 || 63 || 62,,4,exports\patch666_main_sequences.xml
cue:1:13:patch666_main_sequences.xml:14,1,13,Cue 13,,,,,,True,2 3 4 5 6 7 8 9 10 11 12 13 14 15 16 17,2 | RSpiide3 2 || 3 | RSpiide3 3 || 4 | RSpiide3 4 || 5 | RSpiide3 5 || 6 | RSpiide3 6 || 7 | RSpiide3 7 || 8 | RSpiide3 8 || 9 || 10 || 11 || 12 || 13 || 14 || 15 || 16 || 17,,1,exports\patch666_main_sequences.xml
cue:1:14:patch666_main_sequences.xml:15,1,14,Cue 14,,,,,,True,7 8 9 10 11 12 13 14 15 16 17 18 65,7 | RSpiide3 7 || 8 | RSpiide3 8 || 9 || 10 || 11 || 12 || 13 || 14 || 15 || 16 || 17 || 18 || 65,,5,exports\patch666_main_sequences.xml
cue:1:15:patch666_main_sequences.xml:16,1,15,Cue 15,,,,,,True,7 8 9 10 11 12,7 | RSpiide3 7 || 8 | RSpiide3 8 || 9 || 10 || 11 || 12,,2,exports\patch666_main_sequences.xml
cue:1:16:patch666_main_sequences.xml:17,1,16,Cue 16,,,,,,True,1 2 3 4 5 6,1 | RSpiide3 1 || 2 | RSpiide3 2 || 3 | RSpiide3 3 || 4 | RSpiide3 4 || 5 | RSpiide3 5 || 6 | RSpiide3 6,,1,exports\patch666_main_sequences.xml
cue:1:17:patch666_main_sequences.xml:18,1,17,Cue 17,,,,,,True,1 2 3 4 5 6 7 8 222 9 10 11 12 13 14 15 16 17 18 51 52 53 54 65 64 63 62,1 | RSpiide3 1 || 2 | RSpiide3 2 || 3 | RSpiide3 3 || 4 | RSpiide3 4 || 5 | RSpiide3 5 || 6 | RSpiide3 6 || 7 | RSpiide3 7 || 8 | RSpiide3 8 || 222 | R3LEDWm2 1 || 9 || 10 || 11 || 12 || 13 || 14 || 15 || 16 || 17 || 18 || 51 | LUMI 1 || 52 | LUMI 2 || 53 | LUMI 3 || 54 || 65 || 64 || 63 || 62,,19,exports\patch666_main_sequences.xml
cue:1:18:patch666_main_sequences.xml:19,1,18,Cue 18,,,,,,True,1 2 3 4 5 6 7 8 222 33 34 35 36 37 38 51 52 53 54,1 | RSpiide3 1 || 2 | RSpiide3 2 || 3 | RSpiide3 3 || 4 | RSpiide3 4 || 5 | RSpiide3 5 || 6 | RSpiide3 6 || 7 | RSpiide3 7 || 8 | RSpiide3 8 || 222 | R3LEDWm2 1 || 33 || 34 || 35 || 36 || 37 || 38 || 51 | LUMI 1 || 52 | LUMI 2 || 53 | LUMI 3 || 54,preset:1.8701264 | preset:13.675235 | preset:1.870136 | preset:13.675242,17,exports\patch666_main_sequences.xml
cue:1:19:patch666_main_sequences.xml:20,1,19,Cue 19,,,,,,True,12 13 14 15 16 65,12 || 13 || 14 || 15 || 16 || 65,,3,exports\patch666_main_sequences.xml
cue:1:20:patch666_main_sequences.xml:21,1,20,Cue 20,,,,,,True,1 2 3 4 5 6 7 8 222 21 22 23 24 31 32 25 26 27 28 9 10 11 12 13 14 15 16 51 52 53 54 65 64 63 62 61,1 | RSpiide3 1 || 2 | RSpiide3 2 || 3 | RSpiide3 3 || 4 | RSpiide3 4 || 5 | RSpiide3 5 || 6 | RSpiide3 6 || 7 | RSpiide3 7 || 8 | RSpiide3 8 || 222 | R3LEDWm2 1 || 21 | Sp30012 1 || 22 | Sp30012 2 || 23 | Sp30012 3 || 24 | Sp30012 4 || 31 | NP300cR 1 || 32 | NP300cR 2 || 25 | Sp30012 5 || 26 | Sp30012 6 || 27 | Sp30012 7 || 28 | Sp30012 8 || 9 || 10 || 11 || 12 || 13 || 14 || 15 || 16 || 51 | LUMI 1 || 52 | LUMI 2 || 53 | LUMI 3 || 54 || 65 || 64 || 63 || 62 || 61,preset:1.8701264 | preset:13.675235 | preset:1.870136 | preset:13.675242,25,exports\patch666_main_sequences.xml
cue:1:21:patch666_main_sequences.xml:22,1,21,Cue 21,,,,,,True,5 6 7 8 9 10 11 12 13 14 15,5 | RSpiide3 5 || 6 | RSpiide3 6 || 7 | RSpiide3 7 || 8 | RSpiide3 8 || 9 || 10 || 11 || 12 || 13 || 14 || 15,,1,exports\patch666_main_sequences.xml
cue:1:22:patch666_main_sequences.xml:23,1,22,Cue 22,,,,,,True,1 2 3 4 5 6 222 31 32 7 8 9 10 11 12 13 14 15 27 51 52 76 65 62 61,1 | RSpiide3 1 || 2 | RSpiide3 2 || 3 | RSpiide3 3 || 4 | RSpiide3 4 || 5 | RSpiide3 5 || 6 | RSpiide3 6 || 222 | R3LEDWm2 1 || 31 | NP300cR 1 || 32 | NP300cR 2 || 7 | RSpiide3 7 || 8 | RSpiide3 8 || 9 || 10 || 11 || 12 || 13 || 14 || 15 || 27 | Sp30012 7 || 51 | LUMI 1 || 52 | LUMI 2 || 76 || 65 || 62 || 61,preset:1.8701264 | preset:13.675235 | preset:9.4017172 | preset:8.1041193 | preset:13.652069 | preset:1.870136 | preset:13.675242 | preset:4.5584116,53,exports\patch666_main_sequences.xml
cue:1:23:patch666_main_sequences.xml:24,1,23,Cue 23,,,,,,True,1 2 3 4 5 6 222 31 32 7 8 9 10 11 12 13 14 15 16 17 18 27 76 65 62 61,1 | RSpiide3 1 || 2 | RSpiide3 2 || 3 | RSpiide3 3 || 4 | RSpiide3 4 || 5 | RSpiide3 5 || 6 | RSpiide3 6 || 222 | R3LEDWm2 1 || 31 | NP300cR 1 || 32 | NP300cR 2 || 7 | RSpiide3 7 || 8 | RSpiide3 8 || 9 || 10 || 11 || 12 || 13 || 14 || 15 || 16 || 17 || 18 || 27 | Sp30012 7 || 76 || 65 || 62 || 61,preset:1.8701264 | preset:13.675235 | preset:9.4017172 | preset:8.1041193 | preset:13.652069 | preset:1.870136 | preset:13.675242 | preset:4.5584116,51,exports\patch666_main_sequences.xml
cue:1:24:patch666_main_sequences.xml:25,1,24,Cue 24,,,,,,True,1 2 3 4 6 222 51 52 53 7 8 9 10 11 12 13 14 15 16 17 18 86 85 84 83 82 81,1 | RSpiide3 1 || 2 | RSpiide3 2 || 3 | RSpiide3 3 || 4 | RSpiide3 4 || 6 | RSpiide3 6 || 222 | R3LEDWm2 1 || 51 | LUMI 1 || 52 | LUMI 2 || 53 | LUMI 3 || 7 | RSpiide3 7 || 8 | RSpiide3 8 || 9 || 10 || 11 || 12 || 13 || 14 || 15 || 16 || 17 || 18 || 86 || 85 || 84 || 83 || 82 || 81,preset:1.8701264 | preset:13.675235 | preset:1.870136 | preset:13.675242 | preset:3.7036994 | preset:8.810338,23,exports\patch666_main_sequences.xml
cue:1:25:patch666_main_sequences.xml:26,1,25,Cue 25,,,,,,True,1 2 3 4 5 6 222 31 32 51 52 53 7 8 9 10 11 12 13 14 15 16 17 18 27 86 85 84 83 82 81 76 65 62 61,1 | RSpiide3 1 || 2 | RSpiide3 2 || 3 | RSpiide3 3 || 4 | RSpiide3 4 || 5 | RSpiide3 5 || 6 | RSpiide3 6 || 222 | R3LEDWm2 1 || 31 | NP300cR 1 || 32 | NP300cR 2 || 51 | LUMI 1 || 52 | LUMI 2 || 53 | LUMI 3 || 7 | RSpiide3 7 || 8 | RSpiide3 8 || 9 || 10 || 11 || 12 || 13 || 14 || 15 || 16 || 17 || 18 || 27 | Sp30012 7 || 86 || 85 || 84 || 83 || 82 || 81 || 76 || 65 || 62 || 61,preset:1.8701264 | preset:13.675235 | preset:9.4017172 | preset:8.1041193 | preset:13.652069 | preset:1.870136 | preset:13.675242 | preset:4.5584116,53,exports\patch666_main_sequences.xml
cue:1:26:patch666_main_sequences.xml:27,1,26,Cue 26,,,Time,,,True,1 2 3 4 5 6 222 21 22 23 24 51 52 53 7 8 9 10 11 12 13 14 15 16 17 18 27,1 | RSpiide3 1 || 2 | RSpiide3 2 || 3 | RSpiide3 3 || 4 | RSpiide3 4 || 5 | RSpiide3 5 || 6 | RSpiide3 6 || 222 | R3LEDWm2 1 || 21 | Sp30012 1 || 22 | Sp30012 2 || 23 | Sp30012 3 || 24 | Sp30012 4 || 51 | LUMI 1 || 52 | LUMI 2 || 53 | LUMI 3 || 7 | RSpiide3 7 || 8 | RSpiide3 8 || 9 || 10 || 11 || 12 || 13 || 14 || 15 || 16 || 17 || 18 || 27 | Sp30012 7,preset:1.8701264 | preset:13.675235 | preset:1.870136 | preset:13.675242,23,exports\patch666_main_sequences.xml
cue:1:27:patch666_main_sequences.xml:28,1,27,Cue 27,,,,,,True,1 2 3 4 5 6 222 31 32 51 52 53 7 8 9 10 11 12 13 14 15 16 17 18 27 76 65 62 61,1 | RSpiide3 1 || 2 | RSpiide3 2 || 3 | RSpiide3 3 || 4 | RSpiide3 4 || 5 | RSpiide3 5 || 6 | RSpiide3 6 || 222 | R3LEDWm2 1 || 31 | NP300cR 1 || 32 | NP300cR 2 || 51 | LUMI 1 || 52 | LUMI 2 || 53 | LUMI 3 || 7 | RSpiide3 7 || 8 | RSpiide3 8 || 9 || 10 || 11 || 12 || 13 || 14 || 15 || 16 || 17 || 18 || 27 | Sp30012 7 || 76 || 65 || 62 || 61,preset:1.8701264 | preset:13.675235 | preset:9.4017172 | preset:8.1041193 | preset:13.652069 | preset:1.870136 | preset:13.675242 | preset:4.5584116,54,exports\patch666_main_sequences.xml
cue:1:28:patch666_main_sequences.xml:29,1,28,Cue 28,,,,,,True,3 31 32 1 2 4 5 6 7 8 9 10 11 12 13 14 15 16 17 18,3 | RSpiide3 3 || 31 | NP300cR 1 || 32 | NP300cR 2 || 1 | RSpiide3 1 || 2 | RSpiide3 2 || 4 | RSpiide3 4 || 5 | RSpiide3 5 || 6 | RSpiide3 6 || 7 | RSpiide3 7 || 8 | RSpiide3 8 || 9 || 10 || 11 || 12 || 13 || 14 || 15 || 16 || 17 || 18,preset:4.5584116,10,exports\patch666_main_sequences.xml
cue:1:29:patch666_main_sequences.xml:30,1,29,Cue 29,,,,,,True,7 61,7 | RSpiide3 7 || 61,,3,exports\patch666_main_sequences.xml
cue:1:30:patch666_main_sequences.xml:31,1,30,Cue 30,,,,,,True,4 51 52 53 21 22 23 24 25 26 33 34 35 36 37 38 76 64 63 62 44 43 42 41 40 39,4 | RSpiide3 4 || 51 | LUMI 1 || 52 | LUMI 2 || 53 | LUMI 3 || 21 | Sp30012 1 || 22 | Sp30012 2 || 23 | Sp30012 3 || 24 | Sp30012 4 || 25 | Sp30012 5 || 26 | Sp30012 6 || 33 || 34 || 35 || 36 || 37 || 38 || 76 || 64 || 63 || 62 || 44 || 43 | RPointe1 3 || 42 | RPointe1 2 || 41 | RPointe1 1 || 40 || 39,,8,exports\patch666_main_sequences.xml
cue:1:31:patch666_main_sequences.xml:32,1,31,Cue 31,,,,,,True,1 2 3 4 6 222 21 22 23 24 31 32 25 26 27 28 7 33 34 35 36 37 38 51 52 53 54 64 63 62 44 43 42 41 40 39,1 | RSpiide3 1 || 2 | RSpiide3 2 || 3 | RSpiide3 3 || 4 | RSpiide3 4 || 6 | RSpiide3 6 || 222 | R3LEDWm2 1 || 21 | Sp30012 1 || 22 | Sp30012 2 || 23 | Sp30012 3 || 24 | Sp30012 4 || 31 | NP300cR 1 || 32 | NP300cR 2 || 25 | Sp30012 5 || 26 | Sp30012 6 || 27 | Sp30012 7 || 28 | Sp30012 8 || 7 | RSpiide3 7 || 33 || 34 || 35 || 36 || 37 || 38 || 51 | LUMI 1 || 52 | LUMI 2 || 53 | LUMI 3 || 54 || 64 || 63 || 62 || 44 || 43 | RPointe1 3 || 42 | RPointe1 2 || 41 | RPointe1 1 || 40 || 39,preset:1.8701264 | preset:13.675235 | preset:13.25 | preset:1.870136 | preset:13.675242,21,exports\patch666_main_sequences.xml
cue:1:32:patch666_main_sequences.xml:33,1,32,Cue 32,,,,,,True,7 8 9 10 11 12 13 14 15 16 17 18,7 | RSpiide3 7 || 8 | RSpiide3 8 || 9 || 10 || 11 || 12 || 13 || 14 || 15 || 16 || 17 || 18,,1,exports\patch666_main_sequences.xml
cue:1:33:patch666_main_sequences.xml:34,1,33,Cue 33,,,,,,True,8 9 10 11 12 13 14 15 16 17 18,8 | RSpiide3 8 || 9 || 10 || 11 || 12 || 13 || 14 || 15 || 16 || 17 || 18,,1,exports\patch666_main_sequences.xml
cue:1:34:patch666_main_sequences.xml:35,1,34,Cue 34,,,,,,True,4 31 32 51 52 53 8 9 10 11 12 13 14 15 16 17 18 21 22 23 24 25 26 27 28 54,4 | RSpiide3 4 || 31 | NP300cR 1 || 32 | NP300cR 2 || 51 | LUMI 1 || 52 | LUMI 2 || 53 | LUMI 3 || 8 | RSpiide3 8 || 9 || 10 || 11 || 12 || 13 || 14 || 15 || 16 || 17 || 18 || 21 | Sp30012 1 || 22 | Sp30012 2 || 23 | Sp30012 3 || 24 | Sp30012 4 || 25 | Sp30012 5 || 26 | Sp30012 6 || 27 | Sp30012 7 || 28 | Sp30012 8 || 54,preset:6.7520585 | preset:1.2345769 | preset:11.111118,14,exports\patch666_main_sequences.xml
cue:1:35:patch666_main_sequences.xml:36,1,35,Cue 35,,,,,,True,4 7 8 21 22 23 24 31 32 25 26 27 28 51 52 53 6 65 61,4 | RSpiide3 4 || 7 | RSpiide3 7 || 8 | RSpiide3 8 || 21 | Sp30012 1 || 22 | Sp30012 2 || 23 | Sp30012 3 || 24 | Sp30012 4 || 31 | NP300cR 1 || 32 | NP300cR 2 || 25 | Sp30012 5 || 26 | Sp30012 6 || 27 | Sp30012 7 || 28 | Sp30012 8 || 51 | LUMI 1 || 52 | LUMI 2 || 53 | LUMI 3 || 6 | RSpiide3 6 || 65 || 61,preset:6.7520585 | preset:1.2345769 | preset:11.111118,44,exports\patch666_main_sequences.xml
cue:1:36:patch666_main_sequences.xml:37,1,36,Cue 36,,,,,,True,5 7 65 61,5 | RSpiide3 5 || 7 | RSpiide3 7 || 65 || 61,preset:12.833334,2,exports\patch666_main_sequences.xml
cue:1:37:patch666_main_sequences.xml:38,1,37,Cue 37,,,,,,True,4 6 27,4 | RSpiide3 4 || 6 | RSpiide3 6 || 27 | Sp30012 7,,2,exports\patch666_main_sequences.xml
cue:1:38:patch666_main_sequences.xml:39,1,38,Cue 38,,,,,,True,1 2 3 4 5 6 222 27,1 | RSpiide3 1 || 2 | RSpiide3 2 || 3 | RSpiide3 3 || 4 | RSpiide3 4 || 5 | RSpiide3 5 || 6 | RSpiide3 6 || 222 | R3LEDWm2 1 || 27 | Sp30012 7,preset:9.4017172 | preset:1.8701264 | preset:13.675235 | preset:10.804113 | preset:6.5 | preset:4.0981932 | preset:1.870136 | preset:13.675242,57,exports\patch666_main_sequences.xml
cue:1:39:patch666_main_sequences.xml:40,1,39,Cue 39,,,,,,True,7 8 9 10 11 12 13 14 15 16,7 | RSpiide3 7 || 8 | RSpiide3 8 || 9 || 10 || 11 || 12 || 13 || 14 || 15 || 16,,1,exports\patch666_main_sequences.xml
cue:1:40:patch666_main_sequences.xml:41,1,40,Cue 40,,,,,,True,7 8 9 10 11 12 13 14 15 16,7 | RSpiide3 7 || 8 | RSpiide3 8 || 9 || 10 || 11 || 12 || 13 || 14 || 15 || 16,,1,exports\patch666_main_sequences.xml
cue:1:41:patch666_main_sequences.xml:42,1,41,Cue 41,,,,,,True,1 2 3 4 5 6 8 222 21 22 23 24 31 32 25 26 27 28,1 | RSpiide3 1 || 2 | RSpiide3 2 || 3 | RSpiide3 3 || 4 | RSpiide3 4 || 5 | RSpiide3 5 || 6 | RSpiide3 6 || 8 | RSpiide3 8 || 222 | R3LEDWm2 1 || 21 | Sp30012 1 || 22 | Sp30012 2 || 23 | Sp30012 3 || 24 | Sp30012 4 || 31 | NP300cR 1 || 32 | NP300cR 2 || 25 | Sp30012 5 || 26 | Sp30012 6 || 27 | Sp30012 7 || 28 | Sp30012 8,preset:9.4017172 | preset:1.8701264 | preset:13.675235 | preset:4.0981932 | preset:6.8376155 | preset:1.870136 | preset:13.675242 | preset:12.878795,74,exports\patch666_main_sequences.xml
cue:1:42:patch666_main_sequences.xml:43,1,42,Cue 42,,,,,,True,1 2 3 4 5 6 8 222,1 | RSpiide3 1 || 2 | RSpiide3 2 || 3 | RSpiide3 3 || 4 | RSpiide3 4 || 5 | RSpiide3 5 || 6 | RSpiide3 6 || 8 | RSpiide3 8 || 222 | R3LEDWm2 1,preset:1.8701264 | preset:13.675235 | preset:8.25 | preset:1.870136 | preset:13.675242,19,exports\patch666_main_sequences.xml
cue:1:43:patch666_main_sequences.xml:44,1,43,Cue 43,,,,,,True,4 5 6 8,4 | RSpiide3 4 || 5 | RSpiide3 5 || 6 | RSpiide3 6 || 8 | RSpiide3 8,preset:6.25,4,exports\patch666_main_sequences.xml
cue:1:44:patch666_main_sequences.xml:45,1,44,Cue 44,,,Time,,,True,1 2 3 4 5 6 7 8 222 9 10 11 12 33 34 35 36 37 38 51 52 53 54 44 43 42 41 40 39,1 | RSpiide3 1 || 2 | RSpiide3 2 || 3 | RSpiide3 3 || 4 | RSpiide3 4 || 5 | RSpiide3 5 || 6 | RSpiide3 6 || 7 | RSpiide3 7 || 8 | RSpiide3 8 || 222 | R3LEDWm2 1 || 9 || 10 || 11 || 12 || 33 || 34 || 35 || 36 || 37 || 38 || 51 | LUMI 1 || 52 | LUMI 2 || 53 | LUMI 3 || 54 || 44 || 43 | RPointe1 3 || 42 | RPointe1 2 || 41 | RPointe1 1 || 40 || 39,preset:1.8701264 | preset:13.675235 | preset:1.870136 | preset:13.675242,39,exports\patch666_main_sequences.xml
cue:1:45:patch666_main_sequences.xml:46,1,45,Cue 45,,,,,,True,1 2 3 4 5 6 7 8 222 9 10 11 12 33 34 35 36 37 38,1 | RSpiide3 1 || 2 | RSpiide3 2 || 3 | RSpiide3 3 || 4 | RSpiide3 4 || 5 | RSpiide3 5 || 6 | RSpiide3 6 || 7 | RSpiide3 7 || 8 | RSpiide3 8 || 222 | R3LEDWm2 1 || 9 || 10 || 11 || 12 || 33 || 34 || 35 || 36 || 37 || 38,preset:1.8701264 | preset:13.675235 | preset:1.870136 | preset:13.675242,14,exports\patch666_main_sequences.xml
cue:1:46:patch666_main_sequences.xml:47,1,46,Cue 46,,,,,,True,1 2 3 4 5 6 7 8 222 33 34 35 36 37 38,1 | RSpiide3 1 || 2 | RSpiide3 2 || 3 | RSpiide3 3 || 4 | RSpiide3 4 || 5 | RSpiide3 5 || 6 | RSpiide3 6 || 7 | RSpiide3 7 || 8 | RSpiide3 8 || 222 | R3LEDWm2 1 || 33 || 34 || 35 || 36 || 37 || 38,preset:1.8701264 | preset:13.675235 | preset:1.870136 | preset:13.675242,16,exports\patch666_main_sequences.xml
cue:1:47:patch666_main_sequences.xml:48,1,47,Cue 47,,,,,,True,1 2 3 4 5 6 7 8 222 21 22 23 24 31 32 25 26 27 28 9 10 11 12 13 14 15 16 17 18 33 34 35 36 37 38 51 52 53 54 44 43 42 41 40 39,1 | RSpiide3 1 || 2 | RSpiide3 2 || 3 | RSpiide3 3 || 4 | RSpiide3 4 || 5 | RSpiide3 5 || 6 | RSpiide3 6 || 7 | RSpiide3 7 || 8 | RSpiide3 8 || 222 | R3LEDWm2 1 || 21 | Sp30012 1 || 22 | Sp30012 2 || 23 | Sp30012 3 || 24 | Sp30012 4 || 31 | NP300cR 1 || 32 | NP300cR 2 || 25 | Sp30012 5 || 26 | Sp30012 6 || 27 | Sp30012 7 || 28 | Sp30012 8 || 9 || 10 || 11 || 12 || 13 || 14 || 15 || 16 || 17 || 18 || 33 || 34 || 35 || 36 || 37 || 38 || 51 | LUMI 1 || 52 | LUMI 2 || 53 | LUMI 3 || 54 || 44 || 43 | RPointe1 3 || 42 | RPointe1 2 || 41 | RPointe1 1 || 40 || 39,preset:1.8701264 | preset:13.675235 | preset:1.870136 | preset:13.675242,25,exports\patch666_main_sequences.xml
cue:1:48:patch666_main_sequences.xml:49,1,48,Cue 48,,,,,,True,1 2 3 4 5 6 7 8 222 21 22 23 24 31 32 25 26 27 28 9 10 11 12 13 14 15 16 17 18 33 34 35 36 37 38 51 52 53 54 44 43 42 41 40 39,1 | RSpiide3 1 || 2 | RSpiide3 2 || 3 | RSpiide3 3 || 4 | RSpiide3 4 || 5 | RSpiide3 5 || 6 | RSpiide3 6 || 7 | RSpiide3 7 || 8 | RSpiide3 8 || 222 | R3LEDWm2 1 || 21 | Sp30012 1 || 22 | Sp30012 2 || 23 | Sp30012 3 || 24 | Sp30012 4 || 31 | NP300cR 1 || 32 | NP300cR 2 || 25 | Sp30012 5 || 26 | Sp30012 6 || 27 | Sp30012 7 || 28 | Sp30012 8 || 9 || 10 || 11 || 12 || 13 || 14 || 15 || 16 || 17 || 18 || 33 || 34 || 35 || 36 || 37 || 38 || 51 | LUMI 1 || 52 | LUMI 2 || 53 | LUMI 3 || 54 || 44 || 43 | RPointe1 3 || 42 | RPointe1 2 || 41 | RPointe1 1 || 40 || 39,preset:1.25,14,exports\patch666_main_sequences.xml
cue:1:49:patch666_main_sequences.xml:50,1,49,Cue 49,,,,,,True,1 2 3 4 5 6 8 222 31 32 51 52 53 54 87 64 63 62,1 | RSpiide3 1 || 2 | RSpiide3 2 || 3 | RSpiide3 3 || 4 | RSpiide3 4 || 5 | RSpiide3 5 || 6 | RSpiide3 6 || 8 | RSpiide3 8 || 222 | R3LEDWm2 1 || 31 | NP300cR 1 || 32 | NP300cR 2 || 51 | LUMI 1 || 52 | LUMI 2 || 53 | LUMI 3 || 54 || 87 || 64 || 63 || 62,preset:6.8376155 | preset:2.7041204,54,exports\patch666_main_sequences.xml
cue:1:50:patch666_main_sequences.xml:51,1,50,Cue 50,,,,,,True,1 3 4 5 6 31 32 2 7 8 9 10 11 12 13 14 15 16 17 18 51 52 53 54 87 64 63 62,1 | RSpiide3 1 || 3 | RSpiide3 3 || 4 | RSpiide3 4 || 5 | RSpiide3 5 || 6 | RSpiide3 6 || 31 | NP300cR 1 || 32 | NP300cR 2 || 2 | RSpiide3 2 || 7 | RSpiide3 7 || 8 | RSpiide3 8 || 9 || 10 || 11 || 12 || 13 || 14 || 15 || 16 || 17 || 18 || 51 | LUMI 1 || 52 | LUMI 2 || 53 | LUMI 3 || 54 || 87 || 64 || 63 || 62,preset:6.8376155 | preset:2.7020588 | preset:9.25,30,exports\patch666_main_sequences.xml
cue:1:51:patch666_main_sequences.xml:52,1,51,Cue 51,,,,,,True,5 1 2 3 4 6 7 8 9 10 11 12 13 14 15 16 17 18 52 53,5 | RSpiide3 5 || 1 | RSpiide3 1 || 2 | RSpiide3 2 || 3 | RSpiide3 3 || 4 | RSpiide3 4 || 6 | RSpiide3 6 || 7 | RSpiide3 7 || 8 | RSpiide3 8 || 9 || 10 || 11 || 12 || 13 || 14 || 15 || 16 || 17 || 18 || 52 | LUMI 2 || 53 | LUMI 3,,3,exports\patch666_main_sequences.xml
cue:1:52:patch666_main_sequences.xml:53,1,52,Cue 52,,,,,,True,2 4 5 6 222 1 3 7 8 9 10 11 12 13 14 15 16 17 18 87,2 | RSpiide3 2 || 4 | RSpiide3 4 || 5 | RSpiide3 5 || 6 | RSpiide3 6 || 222 | R3LEDWm2 1 || 1 | RSpiide3 1 || 3 | RSpiide3 3 || 7 | RSpiide3 7 || 8 | RSpiide3 8 || 9 || 10 || 11 || 12 || 13 || 14 || 15 || 16 || 17 || 18 || 87,preset:11.25,30,exports\patch666_main_sequences.xml
cue:1:53:patch666_main_sequences.xml:54,1,53,Cue 53,,,,,,True,2 4 5 6 222 1 3 7 8 9 10 11 12 13 14 15 16 17 18 52 53 87,2 | RSpiide3 2 || 4 | RSpiide3 4 || 5 | RSpiide3 5 || 6 | RSpiide3 6 || 222 | R3LEDWm2 1 || 1 | RSpiide3 1 || 3 | RSpiide3 3 || 7 | RSpiide3 7 || 8 | RSpiide3 8 || 9 || 10 || 11 || 12 || 13 || 14 || 15 || 16 || 17 || 18 || 52 | LUMI 2 || 53 | LUMI 3 || 87,preset:12.121221,26,exports\patch666_main_sequences.xml
cue:1:54:patch666_main_sequences.xml:55,1,54,Cue 54,,,,,,True,1 2 4 5 6 222 21 22 23 24 31 32 25 26 27 28 3 7 8 9 10 11 12 13 14 15 16 17 18 52 53 87 65 61,1 | RSpiide3 1 || 2 | RSpiide3 2 || 4 | RSpiide3 4 || 5 | RSpiide3 5 || 6 | RSpiide3 6 || 222 | R3LEDWm2 1 || 21 | Sp30012 1 || 22 | Sp30012 2 || 23 | Sp30012 3 || 24 | Sp30012 4 || 31 | NP300cR 1 || 32 | NP300cR 2 || 25 | Sp30012 5 || 26 | Sp30012 6 || 27 | Sp30012 7 || 28 | Sp30012 8 || 3 | RSpiide3 3 || 7 | RSpiide3 7 || 8 | RSpiide3 8 || 9 || 10 || 11 || 12 || 13 || 14 || 15 || 16 || 17 || 18 || 52 | LUMI 2 || 53 | LUMI 3 || 87 || 65 || 61,preset:6.8376155,41,exports\patch666_main_sequences.xml
cue:1:55:patch666_main_sequences.xml:56,1,55,Cue 55,,,,,,True,1 2 3 4 5 6 61,1 | RSpiide3 1 || 2 | RSpiide3 2 || 3 | RSpiide3 3 || 4 | RSpiide3 4 || 5 | RSpiide3 5 || 6 | RSpiide3 6 || 61,,3,exports\patch666_main_sequences.xml
cue:1:56:patch666_main_sequences.xml:57,1,56,Cue 56,,,,,,True,1 2 3 4 5 6 222 31 32 41 42 43 74 73 72 71,1 | RSpiide3 1 || 2 | RSpiide3 2 || 3 | RSpiide3 3 || 4 | RSpiide3 4 || 5 | RSpiide3 5 || 6 | RSpiide3 6 || 222 | R3LEDWm2 1 || 31 | NP300cR 1 || 32 | NP300cR 2 || 41 | RPointe1 1 || 42 | RPointe1 2 || 43 | RPointe1 3 || 74 || 73 || 72 || 71,preset:1.0519493 | preset:10.256417 | preset:11.301869 | preset:8.6111374 | preset:4.0520549 | preset:8.2621183 | preset:11.301877 | preset:5.5 | preset:1.5 | preset:10.804121,69,exports\patch666_main_sequences.xml
cue:1:57:patch666_main_sequences.xml:58,1,57,Cue 57,,,,,,True,3 4,3 | RSpiide3 3 || 4 | RSpiide3 4,,2,exports\patch666_main_sequences.xml
cue:1:58:patch666_main_sequences.xml:59,1,58,Cue 58,,,,,,True,1 2 3 4 5 6 222 7 8 9 10 11 12 13 14 15 16 17 18 52 53,1 | RSpiide3 1 || 2 | RSpiide3 2 || 3 | RSpiide3 3 || 4 | RSpiide3 4 || 5 | RSpiide3 5 || 6 | RSpiide3 6 || 222 | R3LEDWm2 1 || 7 | RSpiide3 7 || 8 | RSpiide3 8 || 9 || 10 || 11 || 12 || 13 || 14 || 15 || 16 || 17 || 18 || 52 | LUMI 2 || 53 | LUMI 3,preset:11.301869 | preset:11.301877 | preset:2.25,19,exports\patch666_main_sequences.xml
cue:1:59:patch666_main_sequences.xml:60,1,59,Cue 59,,,,,,True,26 1 2 3 4 5 6 51 52 53 54 74 73 72 71,26 | Sp30012 6 || 1 | RSpiide3 1 || 2 | RSpiide3 2 || 3 | RSpiide3 3 || 4 | RSpiide3 4 || 5 | RSpiide3 5 || 6 | RSpiide3 6 || 51 | LUMI 1 || 52 | LUMI 2 || 53 | LUMI 3 || 54 || 74 || 73 || 72 || 71,,7,exports\patch666_main_sequences.xml
cue:1:60:patch666_main_sequences.xml:61,1,60,Cue 60,,,,,,True,1 2 3 4 5 6 7 8 222 21 22 23 24 31 32 25 26 27 28 9 10 11 12 13 14 15 16 17 18 29 30 33 34 35 36 37 38 51 52 53 54 87 1002 1001 76 74 73 72 71 65 64 63 62 61 44 43 42 41 40 39,1 | RSpiide3 1 || 2 | RSpiide3 2 || 3 | RSpiide3 3 || 4 | RSpiide3 4 || 5 | RSpiide3 5 || 6 | RSpiide3 6 || 7 | RSpiide3 7 || 8 | RSpiide3 8 || 222 | R3LEDWm2 1 || 21 | Sp30012 1 || 22 | Sp30012 2 || 23 | Sp30012 3 || 24 | Sp30012 4 || 31 | NP300cR 1 || 32 | NP300cR 2 || 25 | Sp30012 5 || 26 | Sp30012 6 || 27 | Sp30012 7 || 28 | Sp30012 8 || 9 || 10 || 11 || 12 || 13 || 14 || 15 || 16 || 17 || 18 || 29 || 30 || 33 || 34 || 35 || 36 || 37 || 38 || 51 | LUMI 1 || 52 | LUMI 2 || 53 | LUMI 3 || 54 || 87 || 1002 || 1001 || 76 || 74 || 73 || 72 || 71 || 65 || 64 || 63 || 62 || 61 || 44 || 43 | RPointe1 3 || 42 | RPointe1 2 || 41 | RPointe1 1 || 40 || 39,preset:1.0519493 | preset:10.256417 | preset:11.301869 | preset:8.6111374 | preset:4.0520549 | preset:8.2621183 | preset:6.8376155 | preset:11.301877,88,exports\patch666_main_sequences.xml
cue:1:61:patch666_main_sequences.xml:62,1,61,Cue 61,,,,,,True,4 6 7 8 26 51 52 53 54,4 | RSpiide3 4 || 6 | RSpiide3 6 || 7 | RSpiide3 7 || 8 | RSpiide3 8 || 26 | Sp30012 6 || 51 | LUMI 1 || 52 | LUMI 2 || 53 | LUMI 3 || 54,preset:4.9037428,25,exports\patch666_main_sequences.xml
cue:1:62:patch666_main_sequences.xml:63,1,62,Cue 62,,,,,,True,1 2 3 4 5 6 7 8 9 10 11 12 13 14 15 16 17 18 61,1 | RSpiide3 1 || 2 | RSpiide3 2 || 3 | RSpiide3 3 || 4 | RSpiide3 4 || 5 | RSpiide3 5 || 6 | RSpiide3 6 || 7 | RSpiide3 7 || 8 | RSpiide3 8 || 9 || 10 || 11 || 12 || 13 || 14 || 15 || 16 || 17 || 18 || 61,,3,exports\patch666_main_sequences.xml
cue:1:63:patch666_main_sequences.xml:64,1,63,Cue 63,,,,,,True,1 2 3 4 5 6 7 8 222 21 22 23 24 31 32 25 26 27 28 41 42 43 9 10 11 12 13 14 15 16 17 18 51 52 53 54 74 73 72 71 65 61,1 | RSpiide3 1 || 2 | RSpiide3 2 || 3 | RSpiide3 3 || 4 | RSpiide3 4 || 5 | RSpiide3 5 || 6 | RSpiide3 6 || 7 | RSpiide3 7 || 8 | RSpiide3 8 || 222 | R3LEDWm2 1 || 21 | Sp30012 1 || 22 | Sp30012 2 || 23 | Sp30012 3 || 24 | Sp30012 4 || 31 | NP300cR 1 || 32 | NP300cR 2 || 25 | Sp30012 5 || 26 | Sp30012 6 || 27 | Sp30012 7 || 28 | Sp30012 8 || 41 | RPointe1 1 || 42 | RPointe1 2 || 43 | RPointe1 3 || 9 || 10 || 11 || 12 || 13 || 14 || 15 || 16 || 17 || 18 || 51 | LUMI 1 || 52 | LUMI 2 || 53 | LUMI 3 || 54 || 74 || 73 || 72 || 71 || 65 || 61,preset:5.5 | preset:1.5 | preset:10.804121,43,exports\patch666_main_sequences.xml
cue:1:64:patch666_main_sequences.xml:65,1,64,Cue 64,,,,,,True,1 2 3 222 21 22 23 24 31 32 25 26 27 28 33 34 35 36 37 38 51 52 53 54 65 64 63 62,1 | RSpiide3 1 || 2 | RSpiide3 2 || 3 | RSpiide3 3 || 222 | R3LEDWm2 1 || 21 | Sp30012 1 || 22 | Sp30012 2 || 23 | Sp30012 3 || 24 | Sp30012 4 || 31 | NP300cR 1 || 32 | NP300cR 2 || 25 | Sp30012 5 || 26 | Sp30012 6 || 27 | Sp30012 7 || 28 | Sp30012 8 || 33 || 34 || 35 || 36 || 37 || 38 || 51 | LUMI 1 || 52 | LUMI 2 || 53 | LUMI 3 || 54 || 65 || 64 || 63 || 62,preset:1.0519493 | preset:10.256417 | preset:10.80412,43,exports\patch666_main_sequences.xml
cue:1:65:patch666_main_sequences.xml:66,1,65,Cue 65,,,,,,True,1 2 3 222 31 32 21 22 23 24 25 26 27 33 34 35 36 37 38 51 52 53 54 86 85 84 83 82 81 64 63 62,1 | RSpiide3 1 || 2 | RSpiide3 2 || 3 | RSpiide3 3 || 222 | R3LEDWm2 1 || 31 | NP300cR 1 || 32 | NP300cR 2 || 21 | Sp30012 1 || 22 | Sp30012 2 || 23 | Sp30012 3 || 24 | Sp30012 4 || 25 | Sp30012 5 || 26 | Sp30012 6 || 27 | Sp30012 7 || 33 || 34 || 35 || 36 || 37 || 38 || 51 | LUMI 1 || 52 | LUMI 2 || 53 | LUMI 3 || 54 || 86 || 85 || 84 || 83 || 82 || 81 || 64 || 63 || 62,,16,exports\patch666_main_sequences.xml
cue:1:66:patch666_main_sequences.xml:67,1,66,Cue 66,,,Follow,,,True,2 222 31 32 21 22 23 24 25 26 27 34 35 36 37 51 52 53 54 86 85 84 83 82 81,2 | RSpiide3 2 || 222 | R3LEDWm2 1 || 31 | NP300cR 1 || 32 | NP300cR 2 || 21 | Sp30012 1 || 22 | Sp30012 2 || 23 | Sp30012 3 || 24 | Sp30012 4 || 25 | Sp30012 5 || 26 | Sp30012 6 || 27 | Sp30012 7 || 34 || 35 || 36 || 37 || 51 | LUMI 1 || 52 | LUMI 2 || 53 | LUMI 3 || 54 || 86 || 85 || 84 || 83 || 82 || 81,preset:1.75,15,exports\patch666_main_sequences.xml
cue:1:67:patch666_main_sequences.xml:68,1,67,Cue 67,,,,,,True,21 22 23 24 25 26,21 | Sp30012 1 || 22 | Sp30012 2 || 23 | Sp30012 3 || 24 | Sp30012 4 || 25 | Sp30012 5 || 26 | Sp30012 6,,1,exports\patch666_main_sequences.xml
cue:1:68:patch666_main_sequences.xml:69,1,68,Cue 68,,,,,,True,51 52 53 54,51 | LUMI 1 || 52 | LUMI 2 || 53 | LUMI 3 || 54,,4,exports\patch666_main_sequences.xml
cue:1:69:patch666_main_sequences.xml:70,1,69,Cue 69,,,,,,True,1 2 3 4 5 6 7 8 9 10 11 12 13 14 15 16 17 18 21 22 23 24 25 26 51 52 53 54,1 | RSpiide3 1 || 2 | RSpiide3 2 || 3 | RSpiide3 3 || 4 | RSpiide3 4 || 5 | RSpiide3 5 || 6 | RSpiide3 6 || 7 | RSpiide3 7 || 8 | RSpiide3 8 || 9 || 10 || 11 || 12 || 13 || 14 || 15 || 16 || 17 || 18 || 21 | Sp30012 1 || 22 | Sp30012 2 || 23 | Sp30012 3 || 24 | Sp30012 4 || 25 | Sp30012 5 || 26 | Sp30012 6 || 51 | LUMI 1 || 52 | LUMI 2 || 53 | LUMI 3 || 54,,2,exports\patch666_main_sequences.xml
cue:1:70:patch666_main_sequences.xml:71,1,70,Cue 70,,,,,,True,21 22 23 24 31 32 25 26 27 28 41 42 43 51 52 53 33 34 35 36 37 38 54 86 85 84 83 82 81 65,21 | Sp30012 1 || 22 | Sp30012 2 || 23 | Sp30012 3 || 24 | Sp30012 4 || 31 | NP300cR 1 || 32 | NP300cR 2 || 25 | Sp30012 5 || 26 | Sp30012 6 || 27 | Sp30012 7 || 28 | Sp30012 8 || 41 | RPointe1 1 || 42 | RPointe1 2 || 43 | RPointe1 3 || 51 | LUMI 1 || 52 | LUMI 2 || 53 | LUMI 3 || 33 || 34 || 35 || 36 || 37 || 38 || 54 || 86 || 85 || 84 || 83 || 82 || 81 || 65,,29,exports\patch666_main_sequences.xml
cue:1:71:patch666_main_sequences.xml:72,1,71,Cue 71,,,,,,True,2 222 31 32 6 65,2 | RSpiide3 2 || 222 | R3LEDWm2 1 || 31 | NP300cR 1 || 32 | NP300cR 2 || 6 | RSpiide3 6 || 65,preset:8.1041193,29,exports\patch666_main_sequences.xml
cue:1:72:patch666_main_sequences.xml:73,1,72,Cue 72,,,Time,,,True,2 4 5 6 222 87 65,2 | RSpiide3 2 || 4 | RSpiide3 4 || 5 | RSpiide3 5 || 6 | RSpiide3 6 || 222 | R3LEDWm2 1 || 87 || 65,preset:12.121221 | preset:2.7020588 | preset:8.104126,37,exports\patch666_main_sequences.xml
cue:1:73:patch666_main_sequences.xml:74,1,73,Cue 73,,,,,,True,1 2 3 4 5 6 7 8 9 10 11 12,1 | RSpiide3 1 || 2 | RSpiide3 2 || 3 | RSpiide3 3 || 4 | RSpiide3 4 || 5 | RSpiide3 5 || 6 | RSpiide3 6 || 7 | RSpiide3 7 || 8 | RSpiide3 8 || 9 || 10 || 11 || 12,,4,exports\patch666_main_sequences.xml
cue:1:74:patch666_main_sequences.xml:75,1,74,Cue 74,,,Follow,,,True,65,65,,1,exports\patch666_main_sequences.xml
cue:1:75:patch666_main_sequences.xml:76,1,75,Cue 75,,,,,,True,1 2 3 4 5 6,1 | RSpiide3 1 || 2 | RSpiide3 2 || 3 | RSpiide3 3 || 4 | RSpiide3 4 || 5 | RSpiide3 5 || 6 | RSpiide3 6,,1,exports\patch666_main_sequences.xml
cue:1:76:patch666_main_sequences.xml:77,1,76,Cue 76,,,,,,True,4 6 31 32 1 2 3 5 7 8 9 10 11 12,4 | RSpiide3 4 || 6 | RSpiide3 6 || 31 | NP300cR 1 || 32 | NP300cR 2 || 1 | RSpiide3 1 || 2 | RSpiide3 2 || 3 | RSpiide3 3 || 5 | RSpiide3 5 || 7 | RSpiide3 7 || 8 | RSpiide3 8 || 9 || 10 || 11 || 12,preset:12.121221,20,exports\patch666_main_sequences.xml
cue:1:77:patch666_main_sequences.xml:78,1,77,Cue 77,,,,,,True,2 4 5 6 222 21 22 23 24 31 32 25 26 27 28,2 | RSpiide3 2 || 4 | RSpiide3 4 || 5 | RSpiide3 5 || 6 | RSpiide3 6 || 222 | R3LEDWm2 1 || 21 | Sp30012 1 || 22 | Sp30012 2 || 23 | Sp30012 3 || 24 | Sp30012 4 || 31 | NP300cR 1 || 32 | NP300cR 2 || 25 | Sp30012 5 || 26 | Sp30012 6 || 27 | Sp30012 7 || 28 | Sp30012 8,preset:13.468022,18,exports\patch666_main_sequences.xml
cue:1:78:patch666_main_sequences.xml:79,1,78,Cue 78,,,,,,True,1 2 3 222 51 52 53 54,1 | RSpiide3 1 || 2 | RSpiide3 2 || 3 | RSpiide3 3 || 222 | R3LEDWm2 1 || 51 | LUMI 1 || 52 | LUMI 2 || 53 | LUMI 3 || 54,preset:2.7041185 | preset:13.468022 | preset:13.468017 | preset:2.7041168 | preset:13.468024,30,exports\patch666_main_sequences.xml
cue:1:79:patch666_main_sequences.xml:80,1,79,Cue 79,,,,,,True,2 222 31 32,2 | RSpiide3 2 || 222 | R3LEDWm2 1 || 31 | NP300cR 1 || 32 | NP300cR 2,preset:5.4041195 | preset:2.4020844,25,exports\patch666_main_sequences.xml
cue:1:80:patch666_main_sequences.xml:81,1,80,Cue 80,,,,,,True,6 31 32 51 52 53 54,6 | RSpiide3 6 || 31 | NP300cR 1 || 32 | NP300cR 2 || 51 | LUMI 1 || 52 | LUMI 2 || 53 | LUMI 3 || 54,preset:2.7041187 | preset:5.402072,18,exports\patch666_main_sequences.xml
cue:1:81:patch666_main_sequences.xml:82,1,81,Cue 81,,,,,,True,2 222 51 52 53 54 87,2 | RSpiide3 2 || 222 | R3LEDWm2 1 || 51 | LUMI 1 || 52 | LUMI 2 || 53 | LUMI 3 || 54 || 87,preset:13.75 | preset:13.750008,8,exports\patch666_main_sequences.xml
cue:1:82:patch666_main_sequences.xml:83,1,82,Cue 82,,,,,,True,21 22 23 24 31 32 25 26 27 28 86 85 84 83 82 81,21 | Sp30012 1 || 22 | Sp30012 2 || 23 | Sp30012 3 || 24 | Sp30012 4 || 31 | NP300cR 1 || 32 | NP300cR 2 || 25 | Sp30012 5 || 26 | Sp30012 6 || 27 | Sp30012 7 || 28 | Sp30012 8 || 86 || 85 || 84 || 83 || 82 || 81,,11,exports\patch666_main_sequences.xml
cue:1:83:patch666_main_sequences.xml:84,1,83,Cue 83,,,,,,True,6 21 22 23 24 25 26 27 28 87 86 85 84 83 82 81,6 | RSpiide3 6 || 21 | Sp30012 1 || 22 | Sp30012 2 || 23 | Sp30012 3 || 24 | Sp30012 4 || 25 | Sp30012 5 || 26 | Sp30012 6 || 27 | Sp30012 7 || 28 | Sp30012 8 || 87 || 86 || 85 || 84 || 83 || 82 || 81,,12,exports\patch666_main_sequences.xml
cue:1:84:patch666_main_sequences.xml:85,1,84,Cue 84,,,,,,True,87,87,,2,exports\patch666_main_sequences.xml
cue:1:85:patch666_main_sequences.xml:86,1,85,Cue 85,,,,,,True,1 2 3 4 5 6 222 21 22 23 24 25 26 27 28 87 86 85 84 83 82 81,1 | RSpiide3 1 || 2 | RSpiide3 2 || 3 | RSpiide3 3 || 4 | RSpiide3 4 || 5 | RSpiide3 5 || 6 | RSpiide3 6 || 222 | R3LEDWm2 1 || 21 | Sp30012 1 || 22 | Sp30012 2 || 23 | Sp30012 3 || 24 | Sp30012 4 || 25 | Sp30012 5 || 26 | Sp30012 6 || 27 | Sp30012 7 || 28 | Sp30012 8 || 87 || 86 || 85 || 84 || 83 || 82 || 81,preset:13.50412 | preset:1.1914113 | preset:11.254135,40,exports\patch666_main_sequences.xml
cue:1:86:patch666_main_sequences.xml:87,1,86,Cue 86,,,,,,True,1 2 3 4 5 6 222 31 32 33 34 35 36 37 38 86 85 84 83 82 81 44 43 42 41 40 39,1 | RSpiide3 1 || 2 | RSpiide3 2 || 3 | RSpiide3 3 || 4 | RSpiide3 4 || 5 | RSpiide3 5 || 6 | RSpiide3 6 || 222 | R3LEDWm2 1 || 31 | NP300cR 1 || 32 | NP300cR 2 || 33 || 34 || 35 || 36 || 37 || 38 || 86 || 85 || 84 || 83 || 82 || 81 || 44 || 43 | RPointe1 3 || 42 | RPointe1 2 || 41 | RPointe1 1 || 40 || 39,preset:13.50412 | preset:11.254135,34,exports\patch666_main_sequences.xml
cue:1:87:patch666_main_sequences.xml:88,1,87,Cue 87,,,,,,True,51 52 53 54 86 85 84 83 82 81,51 | LUMI 1 || 52 | LUMI 2 || 53 | LUMI 3 || 54 || 86 || 85 || 84 || 83 || 82 || 81,,3,exports\patch666_main_sequences.xml
cue:1:88:patch666_main_sequences.xml:89,1,88,Cue 88,,,,,,True,1 2 3 4 5 6 222 31 32 33 34 35 36 37 38 44 43 42 41 40 39,1 | RSpiide3 1 || 2 | RSpiide3 2 || 3 | RSpiide3 3 || 4 | RSpiide3 4 || 5 | RSpiide3 5 || 6 | RSpiide3 6 || 222 | R3LEDWm2 1 || 31 | NP300cR 1 || 32 | NP300cR 2 || 33 || 34 || 35 || 36 || 37 || 38 || 44 || 43 | RPointe1 3 || 42 | RPointe1 2 || 41 | RPointe1 1 || 40 || 39,,13,exports\patch666_main_sequences.xml
cue:1:89:patch666_main_sequences.xml:90,1,89,Cue 89,,,,,,True,1 2 3 4 5 6 222 33 34 35 36 37 38 86 85 84 83 82 81 44 43 42 41 40 39,1 | RSpiide3 1 || 2 | RSpiide3 2 || 3 | RSpiide3 3 || 4 | RSpiide3 4 || 5 | RSpiide3 5 || 6 | RSpiide3 6 || 222 | R3LEDWm2 1 || 33 || 34 || 35 || 36 || 37 || 38 || 86 || 85 || 84 || 83 || 82 || 81 || 44 || 43 | RPointe1 3 || 42 | RPointe1 2 || 41 | RPointe1 1 || 40 || 39,,13,exports\patch666_main_sequences.xml
cue:1:90:patch666_main_sequences.xml:91,1,90,Cue 90,,,,,,True,1 2 3 4 5 6 222,1 | RSpiide3 1 || 2 | RSpiide3 2 || 3 | RSpiide3 3 || 4 | RSpiide3 4 || 5 | RSpiide3 5 || 6 | RSpiide3 6 || 222 | R3LEDWm2 1,,10,exports\patch666_main_sequences.xml
cue:1:91:patch666_main_sequences.xml:92,1,91,Cue 91,,,,,,True,4 5 6 222 23 24 51 52 53 54 86 85 84 83 82 81,4 | RSpiide3 4 || 5 | RSpiide3 5 || 6 | RSpiide3 6 || 222 | R3LEDWm2 1 || 23 | Sp30012 3 || 24 | Sp30012 4 || 51 | LUMI 1 || 52 | LUMI 2 || 53 | LUMI 3 || 54 || 86 || 85 || 84 || 83 || 82 || 81,preset:2.8490102 | preset:6.5 | preset:3.5000038 | preset:5.854126 | preset:2.8490198,34,exports\patch666_main_sequences.xml
cue:1:92:patch666_main_sequences.xml:93,1,92,Cue 92,,,,,,True,4 5 6 222 23 24 51,4 | RSpiide3 4 || 5 | RSpiide3 5 || 6 | RSpiide3 6 || 222 | R3LEDWm2 1 || 23 | Sp30012 3 || 24 | Sp30012 4 || 51 | LUMI 1,,3,exports\patch666_main_sequences.xml
cue:1:93:patch666_main_sequences.xml:94,1,93,Cue 93,,,,,,True,1 2 3 222 23 24 51,1 | RSpiide3 1 || 2 | RSpiide3 2 || 3 | RSpiide3 3 || 222 | R3LEDWm2 1 || 23 | Sp30012 3 || 24 | Sp30012 4 || 51 | LUMI 1,,28,exports\patch666_main_sequences.xml
cue:1:94:patch666_main_sequences.xml:95,1,94,Cue 94,,,,,,True,23 24 52 53 54,23 | Sp30012 3 || 24 | Sp30012 4 || 52 | LUMI 2 || 53 | LUMI 3 || 54,,3,exports\patch666_main_sequences.xml
cue:1:95:patch666_main_sequences.xml:96,1,95,Cue 95,,,,,,True,31 32,31 | NP300cR 1 || 32 | NP300cR 2,,2,exports\patch666_main_sequences.xml
cue:1:96:patch666_main_sequences.xml:97,1,96,Cue 96,,,,,,True,1 2 3 4 5 6 222 21 22 23 24 31 32 25 26 27 28 52 53 54 83,1 | RSpiide3 1 || 2 | RSpiide3 2 || 3 | RSpiide3 3 || 4 | RSpiide3 4 || 5 | RSpiide3 5 || 6 | RSpiide3 6 || 222 | R3LEDWm2 1 || 21 | Sp30012 1 || 22 | Sp30012 2 || 23 | Sp30012 3 || 24 | Sp30012 4 || 31 | NP300cR 1 || 32 | NP300cR 2 || 25 | Sp30012 5 || 26 | Sp30012 6 || 27 | Sp30012 7 || 28 | Sp30012 8 || 52 | LUMI 2 || 53 | LUMI 3 || 54 || 83,preset:13.50412,44,exports\patch666_main_sequences.xml
cue:1:97:patch666_main_sequences.xml:98,1,97,Cue 97,,,,,,True,1 2 3 4 5 6 8 222 21 22 23 24 31 32 25 26 27 28 51 52 53 54 83 62,1 | RSpiide3 1 || 2 | RSpiide3 2 || 3 | RSpiide3 3 || 4 | RSpiide3 4 || 5 | RSpiide3 5 || 6 | RSpiide3 6 || 8 | RSpiide3 8 || 222 | R3LEDWm2 1 || 21 | Sp30012 1 || 22 | Sp30012 2 || 23 | Sp30012 3 || 24 | Sp30012 4 || 31 | NP300cR 1 || 32 | NP300cR 2 || 25 | Sp30012 5 || 26 | Sp30012 6 || 27 | Sp30012 7 || 28 | Sp30012 8 || 51 | LUMI 1 || 52 | LUMI 2 || 53 | LUMI 3 || 54 || 83 || 62,preset:13.50412 | preset:7.6923409 | preset:7.6923161,60,exports\patch666_main_sequences.xml
cue:1:98:patch666_main_sequences.xml:99,1,98,Cue 98,,,,,,True,1 2 3 4 5 6 8 222 21 22 23 24 31 32 25 26 27 28 51 52 53 54 86 85 84 83 82 81,1 | RSpiide3 1 || 2 | RSpiide3 2 || 3 | RSpiide3 3 || 4 | RSpiide3 4 || 5 | RSpiide3 5 || 6 | RSpiide3 6 || 8 | RSpiide3 8 || 222 | R3LEDWm2 1 || 21 | Sp30012 1 || 22 | Sp30012 2 || 23 | Sp30012 3 || 24 | Sp30012 4 || 31 | NP300cR 1 || 32 | NP300cR 2 || 25 | Sp30012 5 || 26 | Sp30012 6 || 27 | Sp30012 7 || 28 | Sp30012 8 || 51 | LUMI 1 || 52 | LUMI 2 || 53 | LUMI 3 || 54 || 86 || 85 || 84 || 83 || 82 || 81,,20,exports\patch666_main_sequences.xml
cue:1:99:patch666_main_sequences.xml:100,1,99,Cue 99,,,,,,True,21 22 23 24 25 26 27 28 51 52 53 54 86 85 84 83 82 81,21 | Sp30012 1 || 22 | Sp30012 2 || 23 | Sp30012 3 || 24 | Sp30012 4 || 25 | Sp30012 5 || 26 | Sp30012 6 || 27 | Sp30012 7 || 28 | Sp30012 8 || 51 | LUMI 1 || 52 | LUMI 2 || 53 | LUMI 3 || 54 || 86 || 85 || 84 || 83 || 82 || 81,,13,exports\patch666_main_sequences.xml
cue:1:100:patch666_main_sequences.xml:101,1,100,Cue 100,,,,,,True,3,3 | RSpiide3 3,,4,exports\patch666_main_sequences.xml
cue:1:101:patch666_main_sequences.xml:102,1,101,Cue 101,,,,,,True,2 222,2 | RSpiide3 2 || 222 | R3LEDWm2 1,,25,exports\patch666_main_sequences.xml
cue:1:102:patch666_main_sequences.xml:103,1,102,Cue 102,,,,,,True,2 3 5 8 222 21 22 23 24 31 32 25 26 27 28 51 52 53 54 86 85 84 83 82 81,2 | RSpiide3 2 || 3 | RSpiide3 3 || 5 | RSpiide3 5 || 8 | RSpiide3 8 || 222 | R3LEDWm2 1 || 21 | Sp30012 1 || 22 | Sp30012 2 || 23 | Sp30012 3 || 24 | Sp30012 4 || 31 | NP300cR 1 || 32 | NP300cR 2 || 25 | Sp30012 5 || 26 | Sp30012 6 || 27 | Sp30012 7 || 28 | Sp30012 8 || 51 | LUMI 1 || 52 | LUMI 2 || 53 | LUMI 3 || 54 || 86 || 85 || 84 || 83 || 82 || 81,,34,exports\patch666_main_sequences.xml
cue:1:103:patch666_main_sequences.xml:104,1,103,Cue 103,,,,,,True,1 2 3 4 5 6 7 8 222 21 22 23 24 31 32 25 26 27 28 29 30 33 34 35 36 37 38 51 52 53 54 86 85 84 83 82 81 44 43 42 41 40 39,1 | RSpiide3 1 || 2 | RSpiide3 2 || 3 | RSpiide3 3 || 4 | RSpiide3 4 || 5 | RSpiide3 5 || 6 | RSpiide3 6 || 7 | RSpiide3 7 || 8 | RSpiide3 8 || 222 | R3LEDWm2 1 || 21 | Sp30012 1 || 22 | Sp30012 2 || 23 | Sp30012 3 || 24 | Sp30012 4 || 31 | NP300cR 1 || 32 | NP300cR 2 || 25 | Sp30012 5 || 26 | Sp30012 6 || 27 | Sp30012 7 || 28 | Sp30012 8 || 29 || 30 || 33 || 34 || 35 || 36 || 37 || 38 || 51 | LUMI 1 || 52 | LUMI 2 || 53 | LUMI 3 || 54 || 86 || 85 || 84 || 83 || 82 || 81 || 44 || 43 | RPointe1 3 || 42 | RPointe1 2 || 41 | RPointe1 1 || 40 || 39,preset:13.504115 | preset:2.70206 | preset:4.5657201 | preset:13.675235 | preset:13.675219,65,exports\patch666_main_sequences.xml
cue:1:104:patch666_main_sequences.xml:105,1,104,Cue 104,,,,,,True,2 3 4 6 222 51 52 53 54,2 | RSpiide3 2 || 3 | RSpiide3 3 || 4 | RSpiide3 4 || 6 | RSpiide3 6 || 222 | R3LEDWm2 1 || 51 | LUMI 1 || 52 | LUMI 2 || 53 | LUMI 3 || 54,,17,exports\patch666_main_sequences.xml
cue:1:105:patch666_main_sequences.xml:106,1,105,Cue 105,,,,,,True,3 4 5 6 33 34 35 36 37 38 51 52 53 54,3 | RSpiide3 3 || 4 | RSpiide3 4 || 5 | RSpiide3 5 || 6 | RSpiide3 6 || 33 || 34 || 35 || 36 || 37 || 38 || 51 | LUMI 1 || 52 | LUMI 2 || 53 | LUMI 3 || 54,,6,exports\patch666_main_sequences.xml
cue:1:106:patch666_main_sequences.xml:107,1,106,Cue 106,,,,,,True,2 3 4 5 7 8 222 33 34 35 36 37 38 51 52 53 54,2 | RSpiide3 2 || 3 | RSpiide3 3 || 4 | RSpiide3 4 || 5 | RSpiide3 5 || 7 | RSpiide3 7 || 8 | RSpiide3 8 || 222 | R3LEDWm2 1 || 33 || 34 || 35 || 36 || 37 || 38 || 51 | LUMI 1 || 52 | LUMI 2 || 53 | LUMI 3 || 54,preset:12.69749,27,exports\patch666_main_sequences.xml
cue:1:107:patch666_main_sequences.xml:108,1,107,Cue 107,,,,,,True,7 61,7 | RSpiide3 7 || 61,,2,exports\patch666_main_sequences.xml
cue:1:108:patch666_main_sequences.xml:109,1,108,Cue 108,,,,,,True,3 4 7 8 51 52 53 54,3 | RSpiide3 3 || 4 | RSpiide3 4 || 7 | RSpiide3 7 || 8 | RSpiide3 8 || 51 | LUMI 1 || 52 | LUMI 2 || 53 | LUMI 3 || 54,,10,exports\patch666_main_sequences.xml
cue:1:109:patch666_main_sequences.xml:110,1,109,Cue 109,,,MANUAL,,,True,3 4 31 32 2,3 | RSpiide3 3 || 4 | RSpiide3 4 || 31 | NP300cR 1 || 32 | NP300cR 2 || 2 | RSpiide3 2,,2,exports\patch666_main_sequences.xml
cue:1:110:patch666_main_sequences.xml:111,1,110,Cue 110,,,,,,True,4 5 6 31 32 7 61,4 | RSpiide3 4 || 5 | RSpiide3 5 || 6 | RSpiide3 6 || 31 | NP300cR 1 || 32 | NP300cR 2 || 7 | RSpiide3 7 || 61,,15,exports\patch666_main_sequences.xml
cue:1:111:patch666_main_sequences.xml:112,1,111,Cue 111,,,,,,True,1 2 3 4 5 6 7 8 222 21 22 23 24 25 26 27 28 29 30 31 33 34 35 36 37 38 64 44 43 42 41 40 39,1 | RSpiide3 1 || 2 | RSpiide3 2 || 3 | RSpiide3 3 || 4 | RSpiide3 4 || 5 | RSpiide3 5 || 6 | RSpiide3 6 || 7 | RSpiide3 7 || 8 | RSpiide3 8 || 222 | R3LEDWm2 1 || 21 | Sp30012 1 || 22 | Sp30012 2 || 23 | Sp30012 3 || 24 | Sp30012 4 || 25 | Sp30012 5 || 26 | Sp30012 6 || 27 | Sp30012 7 || 28 | Sp30012 8 || 29 || 30 || 31 | NP300cR 1 || 33 || 34 || 35 || 36 || 37 || 38 || 64 || 44 || 43 | RPointe1 3 || 42 | RPointe1 2 || 41 | RPointe1 1 || 40 || 39,preset:8.1041193 | preset:8.104126 | preset:13.675235 | preset:13.675219,54,exports\patch666_main_sequences.xml
cue:1:112:patch666_main_sequences.xml:113,1,112,Cue 112,,,,,,True,1 2 3 4 5 6 7 8 9 10 11 12 13 14 15 16 17 18,1 | RSpiide3 1 || 2 | RSpiide3 2 || 3 | RSpiide3 3 || 4 | RSpiide3 4 || 5 | RSpiide3 5 || 6 | RSpiide3 6 || 7 | RSpiide3 7 || 8 | RSpiide3 8 || 9 || 10 || 11 || 12 || 13 || 14 || 15 || 16 || 17 || 18,,1,exports\patch666_main_sequences.xml
cue:1:113:patch666_main_sequences.xml:114,1,113,Cue 113,,,,,,True,1 2 3 5 7 8 222 4 6 9 10 11 12 13 14 15 16 17 18 27 28 29 30 31 32 33 34 35 36 37 38 64 61 44 43 42 41 40 39,1 | RSpiide3 1 || 2 | RSpiide3 2 || 3 | RSpiide3 3 || 5 | RSpiide3 5 || 7 | RSpiide3 7 || 8 | RSpiide3 8 || 222 | R3LEDWm2 1 || 4 | RSpiide3 4 || 6 | RSpiide3 6 || 9 || 10 || 11 || 12 || 13 || 14 || 15 || 16 || 17 || 18 || 27 | Sp30012 7 || 28 | Sp30012 8 || 29 || 30 || 31 | NP300cR 1 || 32 | NP300cR 2 || 33 || 34 || 35 || 36 || 37 || 38 || 64 || 61 || 44 || 43 | RPointe1 3 || 42 | RPointe1 2 || 41 | RPointe1 1 || 40 || 39,,27,exports\patch666_main_sequences.xml
cue:1:114:patch666_main_sequences.xml:115,1,114,Cue 114,,,,,,True,2 5 222 21 22 23 24 25 33 34 35 36 37 38 42 41,2 | RSpiide3 2 || 5 | RSpiide3 5 || 222 | R3LEDWm2 1 || 21 | Sp30012 1 || 22 | Sp30012 2 || 23 | Sp30012 3 || 24 | Sp30012 4 || 25 | Sp30012 5 || 33 || 34 || 35 || 36 || 37 || 38 || 42 | RPointe1 2 || 41 | RPointe1 1,,18,exports\patch666_main_sequences.xml
cue:1:115:patch666_main_sequences.xml:116,1,115,Cue 115,,,,,,True,1 2 3 4 5 6 7 8 9 10 11 12 13 14 15 16 17 18,1 | RSpiide3 1 || 2 | RSpiide3 2 || 3 | RSpiide3 3 || 4 | RSpiide3 4 || 5 | RSpiide3 5 || 6 | RSpiide3 6 || 7 | RSpiide3 7 || 8 | RSpiide3 8 || 9 || 10 || 11 || 12 || 13 || 14 || 15 || 16 || 17 || 18,,1,exports\patch666_main_sequences.xml
cue:1:116:patch666_main_sequences.xml:117,1,116,Cue 116,,,,,,True,1 2 7 8 222 21 22 23 24 25 33 34 35 36 37 38 51 52 53 54 86 85 84 83 82 81,1 | RSpiide3 1 || 2 | RSpiide3 2 || 7 | RSpiide3 7 || 8 | RSpiide3 8 || 222 | R3LEDWm2 1 || 21 | Sp30012 1 || 22 | Sp30012 2 || 23 | Sp30012 3 || 24 | Sp30012 4 || 25 | Sp30012 5 || 33 || 34 || 35 || 36 || 37 || 38 || 51 | LUMI 1 || 52 | LUMI 2 || 53 | LUMI 3 || 54 || 86 || 85 || 84 || 83 || 82 || 81,,17,exports\patch666_main_sequences.xml
cue:1:117:patch666_main_sequences.xml:118,1,117,Cue 117,,,,,,True,7,7 | RSpiide3 7,,1,exports\patch666_main_sequences.xml
cue:1:118:patch666_main_sequences.xml:119,1,118,Cue 118,,,,,,True,7 86 85 84 83 82 81 61,7 | RSpiide3 7 || 86 || 85 || 84 || 83 || 82 || 81 || 61,,3,exports\patch666_main_sequences.xml
cue:1:119:patch666_main_sequences.xml:120,1,119,Cue 119,,,,,,True,31 32 51 52 53 54,31 | NP300cR 1 || 32 | NP300cR 2 || 51 | LUMI 1 || 52 | LUMI 2 || 53 | LUMI 3 || 54,preset:2.5316424 | preset:6.5095515,11,exports\patch666_main_sequences.xml
cue:1:120:patch666_main_sequences.xml:121,1,120,Cue 120,,,,,,True,21 22 23 24 25 26,21 | Sp30012 1 || 22 | Sp30012 2 || 23 | Sp30012 3 || 24 | Sp30012 4 || 25 | Sp30012 5 || 26 | Sp30012 6,,1,exports\patch666_main_sequences.xml
cue:1:121:patch666_main_sequences.xml:122,1,121,Cue 121,,,,,,True,31 32 51 52 53 21 22 23 24 25 26 54,31 | NP300cR 1 || 32 | NP300cR 2 || 51 | LUMI 1 || 52 | LUMI 2 || 53 | LUMI 3 || 21 | Sp30012 1 || 22 | Sp30012 2 || 23 | Sp30012 3 || 24 | Sp30012 4 || 25 | Sp30012 5 || 26 | Sp30012 6 || 54,preset:1.7573333,8,exports\patch666_main_sequences.xml
cue:1:122:patch666_main_sequences.xml:123,1,122,Cue 122,,,,,,True,2 222 31 32 51 52 53 54,2 | RSpiide3 2 || 222 | R3LEDWm2 1 || 31 | NP300cR 1 || 32 | NP300cR 2 || 51 | LUMI 1 || 52 | LUMI 2 || 53 | LUMI 3 || 54,preset:5.4041195 | preset:2.7195303 | preset:8.5470343 | preset:14.75 | preset:2.7195399 | preset:8.5470419,18,exports\patch666_main_sequences.xml
cue:1:123:patch666_main_sequences.xml:124,1,123,Cue 123,,,,,,True,2 222 31 32 21 22 23 24 25 26,2 | RSpiide3 2 || 222 | R3LEDWm2 1 || 31 | NP300cR 1 || 32 | NP300cR 2 || 21 | Sp30012 1 || 22 | Sp30012 2 || 23 | Sp30012 3 || 24 | Sp30012 4 || 25 | Sp30012 5 || 26 | Sp30012 6,preset:2.7195303 | preset:8.5470343 | preset:2.7195399 | preset:8.5470419,9,exports\patch666_main_sequences.xml
cue:1:124:patch666_main_sequences.xml:125,1,124,Cue 124,,,,,,True,27 28 29 30 31 32 33 34 35 36 37 38 44 43 42 41 40 39,27 | Sp30012 7 || 28 | Sp30012 8 || 29 || 30 || 31 | NP300cR 1 || 32 | NP300cR 2 || 33 || 34 || 35 || 36 || 37 || 38 || 44 || 43 | RPointe1 3 || 42 | RPointe1 2 || 41 | RPointe1 1 || 40 || 39,,2,exports\patch666_main_sequences.xml
cue:1:125:patch666_main_sequences.xml:126,1,125,Cue 125,,,Follow,,,True,1 2 3 4 5 6 222 7 8 9 10 11 12 27 28 29 30 31 32 51 52 53 54 68 67 66 64 63 62,1 | RSpiide3 1 || 2 | RSpiide3 2 || 3 | RSpiide3 3 || 4 | RSpiide3 4 || 5 | RSpiide3 5 || 6 | RSpiide3 6 || 222 | R3LEDWm2 1 || 7 | RSpiide3 7 || 8 | RSpiide3 8 || 9 || 10 || 11 || 12 || 27 | Sp30012 7 || 28 | Sp30012 8 || 29 || 30 || 31 | NP300cR 1 || 32 | NP300cR 2 || 51 | LUMI 1 || 52 | LUMI 2 || 53 | LUMI 3 || 54 || 68 || 67 || 66 || 64 || 63 || 62,preset:2.7454193 | preset:2.7454054,33,exports\patch666_main_sequences.xml
cue:1:126:patch666_main_sequences.xml:127,1,126,Cue 126,,,,,,True,7 8 9 10 11 12 33 34 35 36 37 38 51 52 53 54 1002 1001 44 43 42 41 40 39,7 | RSpiide3 7 || 8 | RSpiide3 8 || 9 || 10 || 11 || 12 || 33 || 34 || 35 || 36 || 37 || 38 || 51 | LUMI 1 || 52 | LUMI 2 || 53 | LUMI 3 || 54 || 1002 || 1001 || 44 || 43 | RPointe1 3 || 42 | RPointe1 2 || 41 | RPointe1 1 || 40 || 39,,2,exports\patch666_main_sequences.xml
