id,preset_type,number,xml_index,name,fixture_ids,fixture_details,references,value_count,source_file
preset:0.1:Tram_Analyz_preset_0.xml:1,0,0.1,0,Kontra Zaklad,103 104 105 106,103 | RSpiide3 3 | 7 Robin Spiider Mode 3 | 4.067 || 104 | RSpiide3 4 | 7 Robin Spiider Mode 3 | 4.100 || 105 | RSpiide3 5 | 7 Robin Spiider Mode 3 | 4.133 || 106 | RSpiide3 6 | 7 Robin Spiider Mode 3 | 4.166,,28,web_jobs_bgtest_b4154c16\20260326-111809-63eab922\uploads\Tram_Analyz_preset_0.xml
preset:0.3:Tram_Analyz_preset_0.xml:2,0,0.3,2,Schody,103 106,103 | RSpiide3 3 | 7 Robin Spiider Mode 3 | 4.067 || 106 | RSpiide3 6 | 7 Robin Spiider Mode 3 | 4.166,,4,web_jobs_bgtest_b4154c16\20260326-111809-63eab922\uploads\Tram_Analyz_preset_0.xml
preset:0.4:Tram_Analyz_preset_0.xml:3,0,0.4,3,tepla vsude,101 102 103 104 105 106 107 108 201 202,101 | RSpiide3 1 | 7 Robin Spiider Mode 3 | 4.034 || 102 | RSpiide3 2 | 7 Robin Spiider Mode 3 | 4.001 || 103 | RSpiide3 3 | 7 Robin Spiider Mode 3 | 4.067 || 104 | RSpiide3 4 | 7 Robin Spiider Mode 3 | 4.100 || 105 | RSpiide3 5 | 7 Robin Spiider Mode 3 | 4.133 || 106 | RSpiide3 6 | 7 Robin Spiider Mode 3 | 4.166 || 107 | RSpiide3 7 | 7 Robin Spiider Mode 3 | 4.271 || 108 | RSpiide3 8 | 7 Robin Spiider Mode 3 | 4.304 || 201 | SPIDER 33 1 | 7 Robin Spiider Mode 3 | 4.403 || 202 | SPIDER 33 2 | 7 Robin Spiider Mode 3 | 4.436,,74,web_jobs_bgtest_b4154c16\20260326-111809-63eab922\uploads\Tram_Analyz_preset_0.xml
preset:0.5:Tram_Analyz_preset_0.xml:4,0,0.5,4,front,101 102 201 202,101 | RSpiide3 1 | 7 Robin Spiider Mode 3 | 4.034 || 102 | RSpiide3 2 | 7 Robin Spiider Mode 3 | 4.001 || 201 | SPIDER 33 1 | 7 Robin Spiider Mode 3 | 4.403 || 202 | SPIDER 33 2 | 7 Robin Spiider Mode 3 | 4.436,,40,web_jobs_bgtest_b4154c16\20260326-111809-63eab922\uploads\Tram_Analyz_preset_0.xml
preset:0.6:Tram_Analyz_preset_0.xml:5,0,0.6,5,Zeme Pruvany,107 108,107 | RSpiide3 7 | 7 Robin Spiider Mode 3 | 4.271 || 108 | RSpiide3 8 | 7 Robin Spiider Mode 3 | 4.304,,8,web_jobs_bgtest_b4154c16\20260326-111809-63eab922\uploads\Tram_Analyz_preset_0.xml
preset:0.7:Tram_Analyz_preset_0.xml:6,0,0.7,6,BertZjeveni,101 102,101 | RSpiide3 1 | 7 Robin Spiider Mode 3 | 4.034 || 102 | RSpiide3 2 | 7 Robin Spiider Mode 3 | 4.001,,34,web_jobs_bgtest_b4154c16\20260326-111809-63eab922\uploads\Tram_Analyz_preset_0.xml
preset:0.8:Tram_Analyz_preset_0.xml:7,0,0.8,7,Usinani,105,105 | RSpiide3 5 | 7 Robin Spiider Mode 3 | 4.133,,14,web_jobs_bgtest_b4154c16\20260326-111809-63eab922\uploads\Tram_Analyz_preset_0.xml
preset:0.9:Tram_Analyz_preset_0.xml:8,0,0.9,8,Preset 0.9,21 2 3 4 5 6 7 8 22 23 24 25 26 27 28 29 30 31 32 33 34 35 36 37 38 39,21 | HelDGB8S 21 | 6 Helios Tube 42: RGB RGB - 8 Pixels - Strobe Off | 2.001 || 2 | HelDGB8S 2 | 6 Helios Tube 42: RGB RGB - 8 Pixels - Strobe Off | 1.025 || 3 | HelDGB8S 3 | 6 Helios Tube 42: RGB RGB - 8 Pixels - Strobe Off | 1.049 || 4 | HelDGB8S 4 | 6 Helios Tube 42: RGB RGB - 8 Pixels - Strobe Off | 1.073 || 5 | HelDGB8S 5 | 6 Helios Tube 42: RGB RGB - 8 Pixels - Strobe Off | 1.097 || 6 | HelDGB8S 6 | 6 Helios Tube 42: RGB RGB - 8 Pixels - Strobe Off | 1.121 || 7 | HelDGB8S 7 | 6 Helios Tube 42: RGB RGB - 8 Pixels - Strobe Off | 1.145 || 8 | HelDGB8S 8 | 6 Helios Tube 42: RGB RGB - 8 Pixels - Strobe Off | 1.169 || 22 | HelDGB8S 22 | 6 Helios Tube 42: RGB RGB - 8 Pixels - Strobe Off | 2.025 || 23 | HelDGB8S 23 | 6 Helios Tube 42: RGB RGB - 8 Pixels - Strobe Off | 2.049 || 24 | HelDGB8S 24 | 6 Helios Tube 42: RGB RGB - 8 Pixels - Strobe Off | 2.073 || 25 | HelDGB8S 25 | 6 Helios Tube 42: RGB RGB - 8 Pixels - Strobe Off | 2.097 || 26 | HelDGB8S 26 | 6 Helios Tube 42: RGB RGB - 8 Pixels - Strobe Off | 2.121 || 27 | HelDGB8S 27 | 6 Helios Tube 42: RGB RGB - 8 Pixels - Strobe Off | 2.145 || 28 | HelDGB8S 28 | 6 Helios Tube 42: RGB RGB - 8 Pixels - Strobe Off | 2.169 || 29 | HelDGB8S 29 | 6 Helios Tube 42: RGB RGB - 8 Pixels - Strobe Off | 2.193 || 30 | HelDGB8S 30 | 6 Helios Tube 42: RGB RGB - 8 Pixels - Strobe Off | 2.217 || 31 | HelDGB8S 31 | 6 Helios Tube 42: RGB RGB - 8 Pixels - Strobe Off | 2.241 || 32 | HelDGB8S 32 | 6 Helios Tube 42: RGB RGB - 8 Pixels - Strobe Off | 2.265 || 33 | HelDGB8S 33 | 6 Helios Tube 42: RGB RGB - 8 Pixels - Strobe Off | 2.289 || 34 | HelDGB8S 34 | 6 Helios Tube 42: RGB RGB - 8 Pixels - Strobe Off | 2.313 || 35 | HelDGB8S 35 | 6 Helios Tube 42: RGB RGB - 8 Pixels - Strobe Off | 2.337 || 36 | HelDGB8S 36 | 6 Helios Tube 42: RGB RGB - 8 Pixels - Strobe Off | 2.361 || 37 | HelDGB8S 37 | 6 Helios Tube 42: RGB RGB - 8 Pixels - Strobe Off | 2.385 || 38 | HelDGB8S 38 | 6 Helios Tube 42: RGB RGB - 8 Pixels - Strobe Off | 2.409 || 39 | HelDGB8S 39 | 6 Helios Tube 42: RGB RGB - 8 Pixels - Strobe Off | 2.433,,76,web_jobs_bgtest_b4154c16\20260326-111809-63eab922\uploads\Tram_Analyz_preset_0.xml
preset:0.10:Tram_Analyz_preset_0.xml:9,0,0.10,9,VildaZjeveniZed,107,107 | RSpiide3 7 | 7 Robin Spiider Mode 3 | 4.271,,17,web_jobs_bgtest_b4154c16\20260326-111809-63eab922\uploads\Tram_Analyz_preset_0.xml
preset:0.11:Tram_Analyz_preset_0.xml:10,0,0.11,10,Eff Front,101 2 102 201 202,101 | RSpiide3 1 | 7 Robin Spiider Mode 3 | 4.034 || 2 | HelDGB8S 2 | 6 Helios Tube 42: RGB RGB - 8 Pixels - Strobe Off | 1.025 || 102 | RSpiide3 2 | 7 Robin Spiider Mode 3 | 4.001 || 201 | SPIDER 33 1 | 7 Robin Spiider Mode 3 | 4.403 || 202 | SPIDER 33 2 | 7 Robin Spiider Mode 3 | 4.436,,44,web_jobs_bgtest_b4154c16\20260326-111809-63eab922\uploads\Tram_Analyz_preset_0.xml
preset:0.12:Tram_Analyz_preset_0.xml:11,0,0.12,11,Vilda,106,106 | RSpiide3 6 | 7 Robin Spiider Mode 3 | 4.166,,17,web_jobs_bgtest_b4154c16\20260326-111809-63eab922\uploads\Tram_Analyz_preset_0.xml
preset:0.13:Tram_Analyz_preset_0.xml:12,0,0.13,12,q80-flo,101 102,101 | RSpiide3 1 | 7 Robin Spiider Mode 3 | 4.034 || 102 | RSpiide3 2 | 7 Robin Spiider Mode 3 | 4.001,,34,web_jobs_bgtest_b4154c16\20260326-111809-63eab922\uploads\Tram_Analyz_preset_0.xml
preset:0.14:Tram_Analyz_preset_0.xml:13,0,0.14,13,Zeme pruvany,107 108,107 | RSpiide3 7 | 7 Robin Spiider Mode 3 | 4.271 || 108 | RSpiide3 8 | 7 Robin Spiider Mode 3 | 4.304,,34,web_jobs_bgtest_b4154c16\20260326-111809-63eab922\uploads\Tram_Analyz_preset_0.xml
preset:0.15:Tram_Analyz_preset_0.xml:14,0,0.15,14,soud2,101 102,101 | RSpiide3 1 | 7 Robin Spiider Mode 3 | 4.034 || 102 | RSpiide3 2 | 7 Robin Spiider Mode 3 | 4.001,,34,web_jobs_bgtest_b4154c16\20260326-111809-63eab922\uploads\Tram_Analyz_preset_0.xml
preset:0.16:Tram_Analyz_preset_0.xml:15,0,0.16,15,Start Front,101 102 201 202,101 | RSpiide3 1 | 7 Robin Spiider Mode 3 | 4.034 || 102 | RSpiide3 2 | 7 Robin Spiider Mode 3 | 4.001 || 201 | SPIDER 33 1 | 7 Robin Spiider Mode 3 | 4.403 || 202 | SPIDER 33 2 | 7 Robin Spiider Mode 3 | 4.436,,68,web_jobs_bgtest_b4154c16\20260326-111809-63eab922\uploads\Tram_Analyz_preset_0.xml
preset:0.17:Tram_Analyz_preset_0.xml:16,0,0.17,16,Q6-9,101 102 201 202,101 | RSpiide3 1 | 7 Robin Spiider Mode 3 | 4.034 || 102 | RSpiide3 2 | 7 Robin Spiider Mode 3 | 4.001 || 201 | SPIDER 33 1 | 7 Robin Spiider Mode 3 | 4.403 || 202 | SPIDER 33 2 | 7 Robin Spiider Mode 3 | 4.436,,68,web_jobs_bgtest_b4154c16\20260326-111809-63eab922\uploads\Tram_Analyz_preset_0.xml
preset:0.18:Tram_Analyz_preset_0.xml:17,0,0.18,17,F-DoHnizda,102 202,102 | RSpiide3 2 | 7 Robin Spiider Mode 3 | 4.001 || 202 | SPIDER 33 2 | 7 Robin Spiider Mode 3 | 4.436,,34,web_jobs_bgtest_b4154c16\20260326-111809-63eab922\uploads\Tram_Analyz_preset_0.xml
preset:0.19:Tram_Analyz_preset_0.xml:18,0,0.19,18,Zeme Q6,107 108,107 | RSpiide3 7 | 7 Robin Spiider Mode 3 | 4.271 || 108 | RSpiide3 8 | 7 Robin Spiider Mode 3 | 4.304,,34,web_jobs_bgtest_b4154c16\20260326-111809-63eab922\uploads\Tram_Analyz_preset_0.xml
preset:0.20:Tram_Analyz_preset_0.xml:19,0,0.20,19,Soud,101 102 103 104 105 106 107 108 201 202,101 | RSpiide3 1 | 7 Robin Spiider Mode 3 | 4.034 || 102 | RSpiide3 2 | 7 Robin Spiider Mode 3 | 4.001 || 103 | RSpiide3 3 | 7 Robin Spiider Mode 3 | 4.067 || 104 | RSpiide3 4 | 7 Robin Spiider Mode 3 | 4.100 || 105 | RSpiide3 5 | 7 Robin Spiider Mode 3 | 4.133 || 106 | RSpiide3 6 | 7 Robin Spiider Mode 3 | 4.166 || 107 | RSpiide3 7 | 7 Robin Spiider Mode 3 | 4.271 || 108 | RSpiide3 8 | 7 Robin Spiider Mode 3 | 4.304 || 201 | SPIDER 33 1 | 7 Robin Spiider Mode 3 | 4.403 || 202 | SPIDER 33 2 | 7 Robin Spiider Mode 3 | 4.436,,170,web_jobs_bgtest_b4154c16\20260326-111809-63eab922\uploads\Tram_Analyz_preset_0.xml
preset:0.21:Tram_Analyz_preset_0.xml:20,0,0.21,20,Soud 2,104 105 107 108,104 | RSpiide3 4 | 7 Robin Spiider Mode 3 | 4.100 || 105 | RSpiide3 5 | 7 Robin Spiider Mode 3 | 4.133 || 107 | RSpiide3 7 | 7 Robin Spiider Mode 3 | 4.271 || 108 | RSpiide3 8 | 7 Robin Spiider Mode 3 | 4.304,,68,web_jobs_bgtest_b4154c16\20260326-111809-63eab922\uploads\Tram_Analyz_preset_0.xml
preset:0.22:Tram_Analyz_preset_0.xml:21,0,0.22,21,Vrch Labus,104 105,104 | RSpiide3 4 | 7 Robin Spiider Mode 3 | 4.100 || 105 | RSpiide3 5 | 7 Robin Spiider Mode 3 | 4.133,,34,web_jobs_bgtest_b4154c16\20260326-111809-63eab922\uploads\Tram_Analyz_preset_0.xml
preset:0.23:Tram_Analyz_preset_0.xml:22,0,0.23,22,stred,102 202,102 | RSpiide3 2 | 7 Robin Spiider Mode 3 | 4.001 || 202 | SPIDER 33 2 | 7 Robin Spiider Mode 3 | 4.436,,34,web_jobs_bgtest_b4154c16\20260326-111809-63eab922\uploads\Tram_Analyz_preset_0.xml
preset:0.24:Tram_Analyz_preset_0.xml:23,0,0.24,23,Prava strana,101 201,101 | RSpiide3 1 | 7 Robin Spiider Mode 3 | 4.034 || 201 | SPIDER 33 1 | 7 Robin Spiider Mode 3 | 4.403,,34,web_jobs_bgtest_b4154c16\20260326-111809-63eab922\uploads\Tram_Analyz_preset_0.xml
preset:0.25:Tram_Analyz_preset_0.xml:24,0,0.25,24,Zeme Usinani Q19,107 108,107 | RSpiide3 7 | 7 Robin Spiider Mode 3 | 4.271 || 108 | RSpiide3 8 | 7 Robin Spiider Mode 3 | 4.304,,34,web_jobs_bgtest_b4154c16\20260326-111809-63eab922\uploads\Tram_Analyz_preset_0.xml
preset:0.26:Tram_Analyz_preset_0.xml:25,0,0.26,25,Pruvany,107 108,107 | RSpiide3 7 | 7 Robin Spiider Mode 3 | 4.271 || 108 | RSpiide3 8 | 7 Robin Spiider Mode 3 | 4.304,,34,web_jobs_bgtest_b4154c16\20260326-111809-63eab922\uploads\Tram_Analyz_preset_0.xml
preset:0.27:Tram_Analyz_preset_0.xml:26,0,0.27,26,Svicka kontra,104 105,104 | RSpiide3 4 | 7 Robin Spiider Mode 3 | 4.100 || 105 | RSpiide3 5 | 7 Robin Spiider Mode 3 | 4.133,,34,web_jobs_bgtest_b4154c16\20260326-111809-63eab922\uploads\Tram_Analyz_preset_0.xml
preset:0.28:Tram_Analyz_preset_0.xml:27,0,0.28,27,BertStartSolo,101 102,101 | RSpiide3 1 | 7 Robin Spiider Mode 3 | 4.034 || 102 | RSpiide3 2 | 7 Robin Spiider Mode 3 | 4.001,,34,web_jobs_bgtest_b4154c16\20260326-111809-63eab922\uploads\Tram_Analyz_preset_0.xml
preset:0.30:Tram_Analyz_preset_0.xml:28,0,0.30,29,Florian,101 102 103 106 201 202,101 | RSpiide3 1 | 7 Robin Spiider Mode 3 | 4.034 || 102 | RSpiide3 2 | 7 Robin Spiider Mode 3 | 4.001 || 103 | RSpiide3 3 | 7 Robin Spiider Mode 3 | 4.067 || 106 | RSpiide3 6 | 7 Robin Spiider Mode 3 | 4.166 || 201 | SPIDER 33 1 | 7 Robin Spiider Mode 3 | 4.403 || 202 | SPIDER 33 2 | 7 Robin Spiider Mode 3 | 4.436,,20,web_jobs_bgtest_b4154c16\20260326-111809-63eab922\uploads\Tram_Analyz_preset_0.xml
preset:0.32:Tram_Analyz_preset_0.xml:29,0,0.32,31,Bert sokl,107,107 | RSpiide3 7 | 7 Robin Spiider Mode 3 | 4.271,,17,web_jobs_bgtest_b4154c16\20260326-111809-63eab922\uploads\Tram_Analyz_preset_0.xml
preset:0.33:Tram_Analyz_preset_0.xml:30,0,0.33,32,Front-UZnizono,101 102 201 202,101 | RSpiide3 1 | 7 Robin Spiider Mode 3 | 4.034 || 102 | RSpiide3 2 | 7 Robin Spiider Mode 3 | 4.001 || 201 | SPIDER 33 1 | 7 Robin Spiider Mode 3 | 4.403 || 202 | SPIDER 33 2 | 7 Robin Spiider Mode 3 | 4.436,,68,web_jobs_bgtest_b4154c16\20260326-111809-63eab922\uploads\Tram_Analyz_preset_0.xml
preset:0.34:Tram_Analyz_preset_0.xml:31,0,0.34,33,Pruvany rackove,107 108,107 | RSpiide3 7 | 7 Robin Spiider Mode 3 | 4.271 || 108 | RSpiide3 8 | 7 Robin Spiider Mode 3 | 4.304,,34,web_jobs_bgtest_b4154c16\20260326-111809-63eab922\uploads\Tram_Analyz_preset_0.xml
preset:0.36:Tram_Analyz_preset_0.xml:32,0,0.36,35,STREDSTRED FRONT,101 102 201 202,101 | RSpiide3 1 | 7 Robin Spiider Mode 3 | 4.034 || 102 | RSpiide3 2 | 7 Robin Spiider Mode 3 | 4.001 || 201 | SPIDER 33 1 | 7 Robin Spiider Mode 3 | 4.403 || 202 | SPIDER 33 2 | 7 Robin Spiider Mode 3 | 4.436,,68,web_jobs_bgtest_b4154c16\20260326-111809-63eab922\uploads\Tram_Analyz_preset_0.xml
preset:0.37:Tram_Analyz_preset_0.xml:33,0,0.37,36,Front Velky,101 102 201 202,101 | RSpiide3 1 | 7 Robin Spiider Mode 3 | 4.034 || 102 | RSpiide3 2 | 7 Robin Spiider Mode 3 | 4.001 || 201 | SPIDER 33 1 | 7 Robin Spiider Mode 3 | 4.403 || 202 | SPIDER 33 2 | 7 Robin Spiider Mode 3 | 4.436,,68,web_jobs_bgtest_b4154c16\20260326-111809-63eab922\uploads\Tram_Analyz_preset_0.xml
preset:0.42:Tram_Analyz_preset_0.xml:34,0,0.42,41,Asteta Main,1 2 3 4 5 6 7 8 9 10 11 12 13 14 15 16 17 18 19 20 21 22 23 24 25 26 27 28 29 30 31 32 33 34 35 36 37 38 39 40,1 | HelDGB8S 1 | 6 Helios Tube 42: RGB RGB - 8 Pixels - Strobe Off | 1.001 || 2 | HelDGB8S 2 | 6 Helios Tube 42: RGB RGB - 8 Pixels - Strobe Off | 1.025 || 3 | HelDGB8S 3 | 6 Helios Tube 42: RGB RGB - 8 Pixels - Strobe Off | 1.049 || 4 | HelDGB8S 4 | 6 Helios Tube 42: RGB RGB - 8 Pixels - Strobe Off | 1.073 || 5 | HelDGB8S 5 | 6 Helios Tube 42: RGB RGB - 8 Pixels - Strobe Off | 1.097 || 6 | HelDGB8S 6 | 6 Helios Tube 42: RGB RGB - 8 Pixels - Strobe Off | 1.121 || 7 | HelDGB8S 7 | 6 Helios Tube 42: RGB RGB - 8 Pixels - Strobe Off | 1.145 || 8 | HelDGB8S 8 | 6 Helios Tube 42: RGB RGB - 8 Pixels - Strobe Off | 1.169 || 9 | HelDGB8S 9 | 6 Helios Tube 42: RGB RGB - 8 Pixels - Strobe Off | 1.193 || 10 | HelDGB8S 10 | 6 Helios Tube 42: RGB RGB - 8 Pixels - Strobe Off | 1.217 || 11 | HelDGB8S 11 | 6 Helios Tube 42: RGB RGB - 8 Pixels - Strobe Off | 1.241 || 12 | HelDGB8S 12 | 6 Helios Tube 42: RGB RGB - 8 Pixels - Strobe Off | 1.265 || 13 | HelDGB8S 13 | 6 Helios Tube 42: RGB RGB - 8 Pixels - Strobe Off | 1.289 || 14 | HelDGB8S 14 | 6 Helios Tube 42: RGB RGB - 8 Pixels - Strobe Off | 1.313 || 15 | HelDGB8S 15 | 6 Helios Tube 42: RGB RGB - 8 Pixels - Strobe Off | 1.337 || 16 | HelDGB8S 16 | 6 Helios Tube 42: RGB RGB - 8 Pixels - Strobe Off | 1.361 || 17 | HelDGB8S 17 | 6 Helios Tube 42: RGB RGB - 8 Pixels - Strobe Off | 1.385 || 18 | HelDGB8S 18 | 6 Helios Tube 42: RGB RGB - 8 Pixels - Strobe Off | 1.409 || 19 | HelDGB8S 19 | 6 Helios Tube 42: RGB RGB - 8 Pixels - Strobe Off | 1.433 || 20 | HelDGB8S 20 | 6 Helios Tube 42: RGB RGB - 8 Pixels - Strobe Off | 1.457 || 21 | HelDGB8S 21 | 6 Helios Tube 42: RGB RGB - 8 Pixels - Strobe Off | 2.001 || 22 | HelDGB8S 22 | 6 Helios Tube 42: RGB RGB - 8 Pixels - Strobe Off | 2.025 || 23 | HelDGB8S 23 | 6 Helios Tube 42: RGB RGB - 8 Pixels - Strobe Off | 2.049 || 24 | HelDGB8S 24 | 6 Helios Tube 42: RGB RGB - 8 Pixels - Strobe Off | 2.073 || 25 | HelDGB8S 25 | 6 Helios Tube 42: RGB RGB - 8 Pixels - Strobe Off | 2.097 || 26 | HelDGB8S 26 | 6 Helios Tube 42: RGB RGB - 8 Pixels - Strobe Off | 2.121 || 27 | HelDGB8S 27 | 6 Helios Tube 42: RGB RGB - 8 Pixels - Strobe Off | 2.145 || 28 | HelDGB8S 28 | 6 Helios Tube 42: RGB RGB - 8 Pixels - Strobe Off | 2.169 || 29 | HelDGB8S 29 | 6 Helios Tube 42: RGB RGB - 8 Pixels - Strobe Off | 2.193 || 30 | HelDGB8S 30 | 6 Helios Tube 42: RGB RGB - 8 Pixels - Strobe Off | 2.217 || 31 | HelDGB8S 31 | 6 Helios Tube 42: RGB RGB - 8 Pixels - Strobe Off | 2.241 || 32 | HelDGB8S 32 | 6 Helios Tube 42: RGB RGB - 8 Pixels - Strobe Off | 2.265 || 33 | HelDGB8S 33 | 6 Helios Tube 42: RGB RGB - 8 Pixels - Strobe Off | 2.289 || 34 | HelDGB8S 34 | 6 Helios Tube 42: RGB RGB - 8 Pixels - Strobe Off | 2.313 || 35 | HelDGB8S 35 | 6 Helios Tube 42: RGB RGB - 8 Pixels - Strobe Off | 2.337 || 36 | HelDGB8S 36 | 6 Helios Tube 42: RGB RGB - 8 Pixels - Strobe Off | 2.361 || 37 | HelDGB8S 37 | 6 Helios Tube 42: RGB RGB - 8 Pixels - Strobe Off | 2.385 || 38 | HelDGB8S 38 | 6 Helios Tube 42: RGB RGB - 8 Pixels - Strobe Off | 2.409 || 39 | HelDGB8S 39 | 6 Helios Tube 42: RGB RGB - 8 Pixels - Strobe Off | 2.433 || 40 | HelDGB8S 40 | 6 Helios Tube 42: RGB RGB - 8 Pixels - Strobe Off | 2.457,,120,web_jobs_bgtest_b4154c16\20260326-111809-63eab922\uploads\Tram_Analyz_preset_0.xml
preset:0.43:Tram_Analyz_preset_0.xml:35,0,0.43,42,pravej roh zem,107 108,107 | RSpiide3 7 | 7 Robin Spiider Mode 3 | 4.271 || 108 | RSpiide3 8 | 7 Robin Spiider Mode 3 | 4.304,,34,web_jobs_bgtest_b4154c16\20260326-111809-63eab922\uploads\Tram_Analyz_preset_0.xml
preset:0.44:Tram_Analyz_preset_0.xml:36,0,0.44,43,Levy sokl,106,106 | RSpiide3 6 | 7 Robin Spiider Mode 3 | 4.166,,17,web_jobs_bgtest_b4154c16\20260326-111809-63eab922\uploads\Tram_Analyz_preset_0.xml
preset:0.49:Tram_Analyz_preset_0.xml:37,0,0.49,48,Do zdi-Start,107 108,107 | RSpiide3 7 | 7 Robin Spiider Mode 3 | 4.271 || 108 | RSpiide3 8 | 7 Robin Spiider Mode 3 | 4.304,,34,web_jobs_bgtest_b4154c16\20260326-111809-63eab922\uploads\Tram_Analyz_preset_0.xml
preset:0.50:Tram_Analyz_preset_0.xml:38,0,0.50,49,Spot Stred,101 102 201 202,101 | RSpiide3 1 | 7 Robin Spiider Mode 3 | 4.034 || 102 | RSpiide3 2 | 7 Robin Spiider Mode 3 | 4.001 || 201 | SPIDER 33 1 | 7 Robin Spiider Mode 3 | 4.403 || 202 | SPIDER 33 2 | 7 Robin Spiider Mode 3 | 4.436,,68,web_jobs_bgtest_b4154c16\20260326-111809-63eab922\uploads\Tram_Analyz_preset_0.xml
preset:0.53:Tram_Analyz_preset_0.xml:39,0,0.53,52,Kalibrace-stredni zadni kostka,103 104 105 106 107 108,103 | RSpiide3 3 | 7 Robin Spiider Mode 3 | 4.067 || 104 | RSpiide3 4 | 7 Robin Spiider Mode 3 | 4.100 || 105 | RSpiide3 5 | 7 Robin Spiider Mode 3 | 4.133 || 106 | RSpiide3 6 | 7 Robin Spiider Mode 3 | 4.166 || 107 | RSpiide3 7 | 7 Robin Spiider Mode 3 | 4.271 || 108 | RSpiide3 8 | 7 Robin Spiider Mode 3 | 4.304,,102,web_jobs_bgtest_b4154c16\20260326-111809-63eab922\uploads\Tram_Analyz_preset_0.xml
preset:0.54:Tram_Analyz_preset_0.xml:40,0,0.54,53,Kalibrace - stredy,103 104 105 106,103 | RSpiide3 3 | 7 Robin Spiider Mode 3 | 4.067 || 104 | RSpiide3 4 | 7 Robin Spiider Mode 3 | 4.100 || 105 | RSpiide3 5 | 7 Robin Spiider Mode 3 | 4.133 || 106 | RSpiide3 6 | 7 Robin Spiider Mode 3 | 4.166,,68,web_jobs_bgtest_b4154c16\20260326-111809-63eab922\uploads\Tram_Analyz_preset_0.xml
preset:0.55:Tram_Analyz_preset_0.xml:41,0,0.55,54,Kalibrace kostky,103 104 105 106 107 108,103 | RSpiide3 3 | 7 Robin Spiider Mode 3 | 4.067 || 104 | RSpiide3 4 | 7 Robin Spiider Mode 3 | 4.100 || 105 | RSpiide3 5 | 7 Robin Spiider Mode 3 | 4.133 || 106 | RSpiide3 6 | 7 Robin Spiider Mode 3 | 4.166 || 107 | RSpiide3 7 | 7 Robin Spiider Mode 3 | 4.271 || 108 | RSpiide3 8 | 7 Robin Spiider Mode 3 | 4.304,,102,web_jobs_bgtest_b4154c16\20260326-111809-63eab922\uploads\Tram_Analyz_preset_0.xml
preset:0.56:Tram_Analyz_preset_0.xml:42,0,0.56,55,Preset 0.56,101 102 103 104 105 106 107 108 201 202,101 | RSpiide3 1 | 7 Robin Spiider Mode 3 | 4.034 || 102 | RSpiide3 2 | 7 Robin Spiider Mode 3 | 4.001 || 103 | RSpiide3 3 | 7 Robin Spiider Mode 3 | 4.067 || 104 | RSpiide3 4 | 7 Robin Spiider Mode 3 | 4.100 || 105 | RSpiide3 5 | 7 Robin Spiider Mode 3 | 4.133 || 106 | RSpiide3 6 | 7 Robin Spiider Mode 3 | 4.166 || 107 | RSpiide3 7 | 7 Robin Spiider Mode 3 | 4.271 || 108 | RSpiide3 8 | 7 Robin Spiider Mode 3 | 4.304 || 201 | SPIDER 33 1 | 7 Robin Spiider Mode 3 | 4.403 || 202 | SPIDER 33 2 | 7 Robin Spiider Mode 3 | 4.436,,170,web_jobs_bgtest_b4154c16\20260326-111809-63eab922\uploads\Tram_Analyz_preset_0.xml
preset:0.57:Tram_Analyz_preset_0.xml:43,0,0.57,56,Prave schodiste,103,103 | RSpiide3 3 | 7 Robin Spiider Mode 3 | 4.067,,16,web_jobs_bgtest_b4154c16\20260326-111809-63eab922\uploads\Tram_Analyz_preset_0.xml
preset:0.58:Tram_Analyz_preset_0.xml:44,0,0.58,57,Prave schodiste-Klouzacka,103,103 | RSpiide3 3 | 7 Robin Spiider Mode 3 | 4.067,,16,web_jobs_bgtest_b4154c16\20260326-111809-63eab922\uploads\Tram_Analyz_preset_0.xml
preset:0.60:Tram_Analyz_preset_0.xml:45,0,0.60,59,Q53 zacatek TRIO,104 105,104 | RSpiide3 4 | 7 Robin Spiider Mode 3 | 4.100 || 105 | RSpiide3 5 | 7 Robin Spiider Mode 3 | 4.133,,32,web_jobs_bgtest_b4154c16\20260326-111809-63eab922\uploads\Tram_Analyz_preset_0.xml
preset:0.65:Tram_Analyz_preset_0.xml:46,0,0.65,64,Hnizdo,105,105 | RSpiide3 5 | 7 Robin Spiider Mode 3 | 4.133,,17,web_jobs_bgtest_b4154c16\20260326-111809-63eab922\uploads\Tram_Analyz_preset_0.xml
preset:0.66:Tram_Analyz_preset_0.xml:47,0,0.66,65,Jirka-Schody,106,106 | RSpiide3 6 | 7 Robin Spiider Mode 3 | 4.166,,17,web_jobs_bgtest_b4154c16\20260326-111809-63eab922\uploads\Tram_Analyz_preset_0.xml
preset:0.68:Tram_Analyz_preset_0.xml:48,0,0.68,67,Zed Wilds,106,106 | RSpiide3 6 | 7 Robin Spiider Mode 3 | 4.166,,17,web_jobs_bgtest_b4154c16\20260326-111809-63eab922\uploads\Tram_Analyz_preset_0.xml
preset:0.70:Tram_Analyz_preset_0.xml:49,0,0.70,69,Labus vilda stred,101 102 201 202,101 | RSpiide3 1 | 7 Robin Spiider Mode 3 | 4.034 || 102 | RSpiide3 2 | 7 Robin Spiider Mode 3 | 4.001 || 201 | SPIDER 33 1 | 7 Robin Spiider Mode 3 | 4.403 || 202 | SPIDER 33 2 | 7 Robin Spiider Mode 3 | 4.436,,32,web_jobs_bgtest_b4154c16\20260326-111809-63eab922\uploads\Tram_Analyz_preset_0.xml
preset:0.71:Tram_Analyz_preset_0.xml:50,0,0.71,70,Labus vrch,104 105,104 | RSpiide3 4 | 7 Robin Spiider Mode 3 | 4.100 || 105 | RSpiide3 5 | 7 Robin Spiider Mode 3 | 4.133,,34,web_jobs_bgtest_b4154c16\20260326-111809-63eab922\uploads\Tram_Analyz_preset_0.xml
preset:0.72:Tram_Analyz_preset_0.xml:51,0,0.72,71,Pravy Schody,103,103 | RSpiide3 3 | 7 Robin Spiider Mode 3 | 4.067,,17,web_jobs_bgtest_b4154c16\20260326-111809-63eab922\uploads\Tram_Analyz_preset_0.xml
preset:0.73:Tram_Analyz_preset_0.xml:52,0,0.73,72,Pravy schody 2,103,103 | RSpiide3 3 | 7 Robin Spiider Mode 3 | 4.067,,17,web_jobs_bgtest_b4154c16\20260326-111809-63eab922\uploads\Tram_Analyz_preset_0.xml
preset:0.75:Tram_Analyz_preset_0.xml:53,0,0.75,74,bert solo,101 102,101 | RSpiide3 1 | 7 Robin Spiider Mode 3 | 4.034 || 102 | RSpiide3 2 | 7 Robin Spiider Mode 3 | 4.001,,34,web_jobs_bgtest_b4154c16\20260326-111809-63eab922\uploads\Tram_Analyz_preset_0.xml
preset:0.76:Tram_Analyz_preset_0.xml:54,0,0.76,75,Bert na stred,101 102,101 | RSpiide3 1 | 7 Robin Spiider Mode 3 | 4.034 || 102 | RSpiide3 2 | 7 Robin Spiider Mode 3 | 4.001,,34,web_jobs_bgtest_b4154c16\20260326-111809-63eab922\uploads\Tram_Analyz_preset_0.xml
preset:0.78:Tram_Analyz_preset_0.xml:55,0,0.78,77,Bert zjeveni,21 2 3 4 5 6 7 8 22 23 24 25 26 27 28 29 30 31 32 40 101 102 201 202,21 | HelDGB8S 21 | 6 Helios Tube 42: RGB RGB - 8 Pixels - Strobe Off | 2.001 || 2 | HelDGB8S 2 | 6 Helios Tube 42: RGB RGB - 8 Pixels - Strobe Off | 1.025 || 3 | HelDGB8S 3 | 6 Helios Tube 42: RGB RGB - 8 Pixels - Strobe Off | 1.049 || 4 | HelDGB8S 4 | 6 Helios Tube 42: RGB RGB - 8 Pixels - Strobe Off | 1.073 || 5 | HelDGB8S 5 | 6 Helios Tube 42: RGB RGB - 8 Pixels - Strobe Off | 1.097 || 6 | HelDGB8S 6 | 6 Helios Tube 42: RGB RGB - 8 Pixels - Strobe Off | 1.121 || 7 | HelDGB8S 7 | 6 Helios Tube 42: RGB RGB - 8 Pixels - Strobe Off | 1.145 || 8 | HelDGB8S 8 | 6 Helios Tube 42: RGB RGB - 8 Pixels - Strobe Off | 1.169 || 22 | HelDGB8S 22 | 6 Helios Tube 42: RGB RGB - 8 Pixels - Strobe Off | 2.025 || 23 | HelDGB8S 23 | 6 Helios Tube 42: RGB RGB - 8 Pixels - Strobe Off | 2.049 || 24 | HelDGB8S 24 | 6 Helios Tube 42: RGB RGB - 8 Pixels - Strobe Off | 2.073 || 25 | HelDGB8S 25 | 6 Helios Tube 42: RGB RGB - 8 Pixels - Strobe Off | 2.097 || 26 | HelDGB8S 26 | 6 Helios Tube 42: RGB RGB - 8 Pixels - Strobe Off | 2.121 || 27 | HelDGB8S 27 | 6 Helios Tube 42: RGB RGB - 8 Pixels - Strobe Off | 2.145 || 28 | HelDGB8S 28 | 6 Helios Tube 42: RGB RGB - 8 Pixels - Strobe Off | 2.169 || 29 | HelDGB8S 29 | 6 Helios Tube 42: RGB RGB - 8 Pixels - Strobe Off | 2.193 || 30 | HelDGB8S 30 | 6 Helios Tube 42: RGB RGB - 8 Pixels - Strobe Off | 2.217 || 31 | HelDGB8S 31 | 6 Helios Tube 42: RGB RGB - 8 Pixels - Strobe Off | 2.241 || 32 | HelDGB8S 32 | 6 Helios Tube 42: RGB RGB - 8 Pixels - Strobe Off | 2.265 || 40 | HelDGB8S 40 | 6 Helios Tube 42: RGB RGB - 8 Pixels - Strobe Off | 2.457 || 101 | RSpiide3 1 | 7 Robin Spiider Mode 3 | 4.034 || 102 | RSpiide3 2 | 7 Robin Spiider Mode 3 | 4.001 || 201 | SPIDER 33 1 | 7 Robin Spiider Mode 3 | 4.403 || 202 | SPIDER 33 2 | 7 Robin Spiider Mode 3 | 4.436,,130,web_jobs_bgtest_b4154c16\20260326-111809-63eab922\uploads\Tram_Analyz_preset_0.xml
preset:0.81:Tram_Analyz_preset_0.xml:56,0,0.81,80,Svicka_Ksicht,101 102,101 | RSpiide3 1 | 7 Robin Spiider Mode 3 | 4.034 || 102 | RSpiide3 2 | 7 Robin Spiider Mode 3 | 4.001,,34,web_jobs_bgtest_b4154c16\20260326-111809-63eab922\uploads\Tram_Analyz_preset_0.xml
